상호명,업종중분류명,업종소분류명,표준산업분류명,행정동명,위도,경도,합친데이터,네이버키워드,naver_store_url,store_address
카페65도씨,커피점/카페,커피전문점/카페/다방,비알콜 음료점업,범박동,37.4698682060989,126.812188615467,커피점/카페커피전문점/카페/다방비알콜 음료점업,범박동%20카페65도씨,https://m.place.naver.com/restaurant/37459407,경기 부천시 양지남로 39
블럭앤카페,커피점/카페,커피전문점/카페/다방,비알콜 음료점업,범박동,37.4727226460909,126.807530900738,커피점/카페커피전문점/카페/다방비알콜 음료점업,범박동%20블럭앤카페,https://m.place.naver.com/restaurant/1262904745,경기 부천시 범안로96번길 23 4단지상가 3층
한우세계,한식,갈비/삼겹살,한식 음식점업,범박동,37.4701589658587,126.80795599548,한식갈비/삼겹살한식 음식점업,범박동%20한우세계,https://m.place.naver.com/restaurant/31629816,경기 부천시 범안로 130-21
마론,커피점/카페,커피전문점/카페/다방,비알콜 음료점업,범박동,37.4733626376413,126.812924687767,커피점/카페커피전문점/카페/다방비알콜 음료점업,범박동%20마론,https://m.place.naver.com/restaurant/37435543,경기 부천시 양지로 115 1층 카페마론
부어치킨,닭/오리요리,후라이드/양념치킨,치킨 전문점,범박동,37.4688264242315,126.806270153294,닭/오리요리후라이드/양념치킨치킨 전문점,범박동%20부어치킨,https://m.place.naver.com/restaurant/1654229456,경기 부천시 범안로219번길 19
정담은보쌈,한식,족발/보쌈전문,한식 음식점업,범박동,37.4696242815002,126.812124646697,한식족발/보쌈전문한식 음식점업,범박동%20정담은보쌈,https://m.place.naver.com/restaurant/37453109,경기 부천시 양지남로 41
아구세상,일식/수산물,아구전문,한식 음식점업,범박동,37.4701766706146,126.812398526659,일식/수산물아구전문한식 음식점업,범박동%20아구세상,https://m.place.naver.com/restaurant/35726775,경기 부천시 양지남로 33-1
고봉민김밥인부천옥길점,분식,라면김밥분식,분식 및 김밥 전문점,범박동,37.4675351175665,126.822150862624,분식라면김밥분식분식 및 김밥 전문점,범박동%20고봉민김밥인부천옥길점,https://m.place.naver.com/restaurant/900646304,경기 부천시 옥길로 117
계림원,닭/오리요리,후라이드/양념치킨,치킨 전문점,범박동,37.4689622435877,126.820692773489,닭/오리요리후라이드/양념치킨치킨 전문점,범박동%20계림원,https://m.place.naver.com/restaurant/38591132,경기 부천시 양지로176번길 8-12 1층 계림원
전주콩나물국밥,한식,한식/백반/한정식,한식 음식점업,범박동,37.4693275514864,126.820280063275,한식한식/백반/한정식한식 음식점업,범박동%20전주콩나물국밥,https://m.place.naver.com/restaurant/41781108,경기 부천시 양지로166번길 3
헨젤,커피점/카페,커피전문점/카페/다방,비알콜 음료점업,범박동,37.4702003869115,126.81926021095,커피점/카페커피전문점/카페/다방비알콜 음료점업,범박동%20헨젤,https://m.place.naver.com/restaurant/782831457,경기 부천시 양지로152번길 3 1층 henjell
예당어죽닭발,별식/퓨전요리,죽전문점,한식 음식점업,범박동,37.4703677906749,126.812587686038,별식/퓨전요리죽전문점한식 음식점업,범박동%20예당어죽닭발,https://m.place.naver.com/restaurant/37187175,경기 부천시 양지남로 31 1층 예당어죽닭발
공간,커피점/카페,커피전문점/카페/다방,비알콜 음료점업,범박동,37.4696804330729,126.818624016269,커피점/카페커피전문점/카페/다방비알콜 음료점업,범박동%20공간,https://m.place.naver.com/restaurant/1330739200,경기 부천시 범안로 117 현대리치모아 506호
BHC치킨,닭/오리요리,후라이드/양념치킨,치킨 전문점,범박동,37.4677529115346,126.82230570854,닭/오리요리후라이드/양념치킨치킨 전문점,범박동%20BHC치킨,https://m.place.naver.com/restaurant/1416221622,경기 부천시 양지로67번길 34
쥬시,커피점/카페,커피전문점/카페/다방,비알콜 음료점업,범박동,37.4675351175665,126.822150862624,커피점/카페커피전문점/카페/다방비알콜 음료점업,범박동%20쥬시,https://m.place.naver.com/restaurant/1185246997,경기 부천시 양지로184번길 29 116호
본죽,별식/퓨전요리,죽전문점,한식 음식점업,범박동,37.467753024189,126.822317011287,별식/퓨전요리죽전문점한식 음식점업,범박동%20본죽,https://m.place.naver.com/restaurant/1256987099,경기 부천시 범안로 118 신한은행365) 영플러스 101호
영양사가차려주는밥상,한식,한식/백반/한정식,한식 음식점업,범박동,37.4684562851609,126.821458131721,한식한식/백반/한정식한식 음식점업,범박동%20영양사가차려주는밥상,https://m.place.naver.com/restaurant/1802642578,경기 부천시 옥길로 116 문영퀸즈파크 A동 지하1층
청년다방,커피점/카페,커피전문점/카페/다방,비알콜 음료점업,범박동,37.4673174360858,126.822007320274,커피점/카페커피전문점/카페/다방비알콜 음료점업,범박동%20청년다방,https://m.place.naver.com/restaurant/1605463968,경기 부천시 옥길로 113 상림프라자 102호
감탄떡볶이범박점,분식,떡볶이전문,분식 및 김밥 전문점,범박동,37.4712023995777,126.809567347043,분식떡볶이전문분식 및 김밥 전문점,범박동%20감탄떡볶이범박점,https://m.place.naver.com/restaurant/784508270,경기 부천시 범안로 117
명인참치,일식/수산물,참치전문점,일식 음식점업,범박동,37.4726990381664,126.813240425213,일식/수산물참치전문점일식 음식점업,범박동%20명인참치,https://m.place.naver.com/restaurant/37038975,경기 부천시 양지로92번길 9-3 상정프라자 101호
범박식당,한식,한식/백반/한정식,한식 음식점업,범박동,37.4671348442594,126.811870125257,한식한식/백반/한정식한식 음식점업,범박동%20범박식당,https://m.place.naver.com/restaurant/36438461,경기 부천시 양지남로 49
도미노피자부천옥길점,패스트푸드,피자전문,"피자, 햄버거, 샌드위치 및 유사 음식점업",범박동,37.4717534455927,126.816884316529,"패스트푸드피자전문피자, 햄버거, 샌드위치 및 유사 음식점업",범박동%20도미노피자부천옥길점,https://m.place.naver.com/restaurant/872571013,경기 부천시 양지로 125 예품빌딩 1층
한라산도새기,한식,갈비/삼겹살,한식 음식점업,범박동,37.4721850284989,126.814096440567,한식갈비/삼겹살한식 음식점업,범박동%20한라산도새기,https://m.place.naver.com/restaurant/58353341,경기 부천시 양지로 102
육대장,한식,한식/백반/한정식,한식 음식점업,범박동,37.4730613277981,126.813426886801,한식한식/백반/한정식한식 음식점업,범박동%20육대장,https://m.place.naver.com/restaurant/33758558,경기 부천시 양지로 93
이강숯불갈비,한식,갈비/삼겹살,한식 음식점업,범박동,37.4744610858647,126.81194634488,한식갈비/삼겹살한식 음식점업,범박동%20이강숯불갈비,https://m.place.naver.com/restaurant/38711169,경기 부천시 양지로 69
죽이야기,별식/퓨전요리,죽전문점,한식 음식점업,범박동,37.4672485119523,126.821420571102,별식/퓨전요리죽전문점한식 음식점업,범박동%20죽이야기,https://m.place.naver.com/restaurant/12789908,경기 부천시 범안로 117 현대리치모아상가 126호
얌샘김밥,분식,라면김밥분식,분식 및 김밥 전문점,범박동,37.4626379553638,126.812698640049,분식라면김밥분식분식 및 김밥 전문점,범박동%20얌샘김밥,https://m.place.naver.com/restaurant/1232756989,경기 부천시 범안로 221
홍루이젠,패스트푸드,샌드위치전문점,"피자, 햄버거, 샌드위치 및 유사 음식점업",범박동,37.4655747846638,126.827076332873,"패스트푸드샌드위치전문점피자, 햄버거, 샌드위치 및 유사 음식점업",범박동%20홍루이젠,https://m.place.naver.com/restaurant/1127590879,경기 부천시 양지남로 22 1층
이디야커피,커피점/카페,커피전문점/카페/다방,비알콜 음료점업,범박동,37.4626382960409,126.812732545861,커피점/카페커피전문점/카페/다방비알콜 음료점업,범박동%20이디야커피,https://m.place.naver.com/restaurant/33252921,경기 부천시 양지로67번길 26
코바코,양식,돈가스전문점,서양식 음식점업,범박동,37.4672485119523,126.821420571102,양식돈가스전문점서양식 음식점업,범박동%20코바코,https://m.place.naver.com/restaurant/1247295677,경기 부천시 양지로184번길 29
옥길동커피,커피점/카페,커피전문점/카페/다방,비알콜 음료점업,범박동,37.4669179977131,126.823517071921,커피점/카페커피전문점/카페/다방비알콜 음료점업,범박동%20옥길동커피,https://m.place.naver.com/restaurant/387395309,경기 부천시 범안로 117
옥길동갈매기,한식,갈비/삼겹살,한식 음식점업,범박동,37.4679798269767,126.822471716806,한식갈비/삼겹살한식 음식점업,범박동%20옥길동갈매기,https://m.place.naver.com/restaurant/1654114240,경기 부천시 양지로171번길 29 1층
커피에반하다,커피점/카페,커피전문점/카페/다방,비알콜 음료점업,범박동,37.468597723533,126.821184599758,커피점/카페커피전문점/카페/다방비알콜 음료점업,범박동%20커피에반하다,https://m.place.naver.com/restaurant/1525191265,경기 부천시 양지로184번길 8-14
원할머니보쌈,한식,족발/보쌈전문,한식 음식점업,범박동,37.4698038772609,126.819255143309,한식족발/보쌈전문한식 음식점업,범박동%20원할머니보쌈,https://m.place.naver.com/restaurant/12928616,경기 부천시 부일로 732
토프레소,커피점/카페,커피전문점/카페/다방,비알콜 음료점업,범박동,37.4698399931171,126.809385467564,커피점/카페커피전문점/카페/다방비알콜 음료점업,범박동%20토프레소,https://m.place.naver.com/restaurant/1250249781,경기 부천시 양지로184번길 21 1층 토프레소 옥길점
테이크파이브,유흥주점,빠/카페/스탠드빠,일반유흥 주점업,범박동,37.4732739104564,126.813061755155,유흥주점빠/카페/스탠드빠일반유흥 주점업,범박동%20테이크파이브,https://m.place.naver.com/restaurant/35769982,경기 부천시 양지로67번길 42
Bhc치킨,닭/오리요리,후라이드/양념치킨,치킨 전문점,범박동,37.4712023995777,126.809567347043,닭/오리요리후라이드/양념치킨치킨 전문점,범박동%20Bhc치킨,https://m.place.naver.com/restaurant/1416221622,경기 부천시 양지로67번길 34
이디아,기타음식업,고속도로휴게소,그외 기타 음식점업,범박동,37.4736904041381,126.812365539063,기타음식업고속도로휴게소그외 기타 음식점업,범박동%20이디아,https://m.place.naver.com/restaurant/33252921,경기 부천시 양지로67번길 26
베스킨라빈스부천범박점,패스트푸드,아이스크림판매,제과점업,범박동,37.475249946229,126.808858725198,패스트푸드아이스크림판매제과점업,범박동%20베스킨라빈스부천범박점,https://m.place.naver.com/restaurant/11783142,경기 부천시 범안로 77
박지훈Restaurant,일식/수산물,음식점-일식,일식 음식점업,범박동,37.4705232151822,126.812811325728,일식/수산물음식점-일식일식 음식점업,범박동%20박지훈Restaurant,https://m.place.naver.com/restaurant/37941936,경기 부천시 양지남로23번길 8-12 1층
국수나무,분식,국수/만두/칼국수,분식 및 김밥 전문점,범박동,37.4712023995777,126.809567347043,분식국수/만두/칼국수분식 및 김밥 전문점,범박동%20국수나무,https://m.place.naver.com/restaurant/33213315,경기 부천시 범안로 117
국수나무,분식,국수/만두/칼국수,분식 및 김밥 전문점,소사본동,37.4754451585627,126.79877098426,분식국수/만두/칼국수분식 및 김밥 전문점,소사본동%20국수나무,https://m.place.naver.com/restaurant/1884442386,경기 부천시 은성로67번길 12 소새울kcc스위첸 근린상가시설 2동 1층 202로
신도시다방,커피점/카페,커피전문점/카페/다방,비알콜 음료점업,소사본동,37.4787254789071,126.793517649691,커피점/카페커피전문점/카페/다방비알콜 음료점업,소사본동%20신도시다방,https://m.place.naver.com/restaurant/1319124517,경기 부천시 소삼로 6
수란두화,중식,중국음식/중국집,중식 음식점업,소사본동,37.4802089482822,126.793199831666,중식중국음식/중국집중식 음식점업,소사본동%20수란두화,https://m.place.naver.com/restaurant/1280069436,경기 부천시 부일로 554-1
하늘분식,분식,라면김밥분식,분식 및 김밥 전문점,소사본동,37.4819467333377,126.79131759505,분식라면김밥분식분식 및 김밥 전문점,소사본동%20하늘분식,https://m.place.naver.com/restaurant/1146315162,경기 부천시 경인로324번길 12
두꺼비식당,한식,한식/백반/한정식,한식 음식점업,소사본동,37.4799923879122,126.793169395713,한식한식/백반/한정식한식 음식점업,소사본동%20두꺼비식당,https://m.place.naver.com/restaurant/1747514524,경기 부천시 호현로 473
골뱅이포차,유흥주점,소주방/포장마차,기타 주점업,소사본동,37.4753153555329,126.794872620992,유흥주점소주방/포장마차기타 주점업,소사본동%20골뱅이포차,https://m.place.naver.com/restaurant/1455481695,경기 부천시 경인로536번길 34
한솥,분식,라면김밥분식,분식 및 김밥 전문점,소사본동,37.4813116161099,126.792650689737,분식라면김밥분식분식 및 김밥 전문점,소사본동%20한솥,https://m.place.naver.com/restaurant/13376437,경기 부천시 호현로489번길 6
바지락칼국수,분식,국수/만두/칼국수,분식 및 김밥 전문점,소사본동,37.4726069108803,126.794350850421,분식국수/만두/칼국수분식 및 김밥 전문점,소사본동%20바지락칼국수,https://m.place.naver.com/restaurant/37779128,경기 부천시 은성로 84
복어대감,한식,한식/백반/한정식,한식 음식점업,소사본동,37.4824450834381,126.796001846068,한식한식/백반/한정식한식 음식점업,소사본동%20복어대감,https://m.place.naver.com/restaurant/19392236,경기 부천시 소사로 214
아싸비어소사,유흥주점,호프/맥주,기타 주점업,소사본동,37.4753163143255,126.79761987258,유흥주점호프/맥주기타 주점업,소사본동%20아싸비어소사,https://m.place.naver.com/restaurant/1311589639,경기 부천시 은성로 61-1 1층
세종구내매점,한식,한식/백반/한정식,한식 음식점업,소사본동,37.480512350953,126.791148492694,한식한식/백반/한정식한식 음식점업,소사본동%20세종구내매점,https://m.place.naver.com/restaurant/1001016921,경기 부천시 호현로489번길 28 세종병원구내 매점
남해아구찜,일식/수산물,아구전문,한식 음식점업,소사본동,37.4806674454544,126.795747710549,일식/수산물아구전문한식 음식점업,소사본동%20남해아구찜,https://m.place.naver.com/restaurant/1489565187,경기 부천시 소사로 220
산새공원카페,커피점/카페,커피전문점/카페/다방,비알콜 음료점업,소사본동,37.4752824398944,126.790769210731,커피점/카페커피전문점/카페/다방비알콜 음료점업,소사본동%20산새공원카페,https://m.place.naver.com/restaurant/1597068937,경기 부천시 은성로 1
대보포차,유흥주점,호프/맥주,기타 주점업,소사본동,37.478541011953,126.794866042609,유흥주점호프/맥주기타 주점업,소사본동%20대보포차,https://m.place.naver.com/restaurant/19441954,경기 부천시 부일로445번길 20
호원냉면,한식,냉면집,한식 음식점업,소사본동,37.4776799597498,126.795252968427,한식냉면집한식 음식점업,소사본동%20호원냉면,https://m.place.naver.com/restaurant/37700640,경기 부천시 소사로 217
코리안바베큐,닭/오리요리,후라이드/양념치킨,치킨 전문점,소사본동,37.4800682466365,126.795305073784,닭/오리요리후라이드/양념치킨치킨 전문점,소사본동%20코리안바베큐,https://m.place.naver.com/restaurant/31609052,경기 부천시 소사로 243
투썸플레이스부천MJ컨벤션점,커피점/카페,커피전문점/카페/다방,비알콜 음료점업,소사본동,37.4817853797173,126.798465965003,커피점/카페커피전문점/카페/다방비알콜 음료점업,소사본동%20투썸플레이스부천MJ컨벤션점,https://m.place.naver.com/restaurant/1587830942,경기 부천시 경인로 386
맛골김밥,분식,라면김밥분식,분식 및 김밥 전문점,소사본동,37.4707188216644,126.795636026101,분식라면김밥분식분식 및 김밥 전문점,소사본동%20맛골김밥,https://m.place.naver.com/restaurant/36901147,경기 부천시 소사로 141 1층
황금풍천장어숯불꼼장어,일식/수산물,곰장어전문,한식 음식점업,소사본동,37.4798478639113,126.795783477008,일식/수산물곰장어전문한식 음식점업,소사본동%20황금풍천장어숯불꼼장어,https://m.place.naver.com/restaurant/1376874266,경기 부천시 소사로 242
장충도도왕족발,한식,한식/백반/한정식,한식 음식점업,소사본동,37.4801776460288,126.793663895675,한식한식/백반/한정식한식 음식점업,소사본동%20장충도도왕족발,https://m.place.naver.com/restaurant/21007382,경기 부천시 경인옛로22번길 24
슬비식당,한식,한식/백반/한정식,한식 음식점업,소사본동,37.480077278195,126.793541139571,한식한식/백반/한정식한식 음식점업,소사본동%20슬비식당,https://m.place.naver.com/restaurant/19423849,경기 부천시 호현로 472 순영 케이타워
복사골,한식,한식/백반/한정식,한식 음식점업,소사본동,37.4712011557981,126.795221306563,한식한식/백반/한정식한식 음식점업,소사본동%20복사골,https://m.place.naver.com/restaurant/1237333074,경기 부천시 소사로 102 5층
냠냠숯불두마리치킨,닭/오리요리,후라이드/양념치킨,치킨 전문점,소사본동,37.4794716515776,126.796886221152,닭/오리요리후라이드/양념치킨치킨 전문점,소사본동%20냠냠숯불두마리치킨,https://m.place.naver.com/restaurant/1925058319,경기 부천시 소삼로 47
사랑방왕돈까스,양식,정통양식/경양식,서양식 음식점업,소사본동,37.4813116161099,126.792650689737,양식정통양식/경양식서양식 음식점업,소사본동%20사랑방왕돈까스,https://m.place.naver.com/restaurant/1966358552,경기 부천시 호현로 473
반달커피,커피점/카페,커피전문점/카페/다방,비알콜 음료점업,소사본동,37.4762255056355,126.793116918122,커피점/카페커피전문점/카페/다방비알콜 음료점업,소사본동%20반달커피,https://m.place.naver.com/restaurant/1237949116,경기 부천시 소사로201번길 41 1층
응응스크르,패스트푸드,아이스크림판매,제과점업,소사본동,37.4688580208819,126.800492969553,패스트푸드아이스크림판매제과점업,소사본동%20응응스크르,https://m.place.naver.com/restaurant/1605068286,경기 부천시 소사로102번길 55 소사청구아파트(상가)
뽀독,커피점/카페,커피전문점/카페/다방,비알콜 음료점업,소사본동,37.4797188060013,126.797266672132,커피점/카페커피전문점/카페/다방비알콜 음료점업,소사본동%20뽀독,https://m.place.naver.com/restaurant/36960478,경기 부천시 소삼로 47-1 푸르지오 아파트 상가 125호
카페,커피점/카페,커피전문점/카페/다방,비알콜 음료점업,소사본동,37.4827328116336,126.795058769099,커피점/카페커피전문점/카페/다방비알콜 음료점업,소사본동%20카페,https://m.place.naver.com/restaurant/1138407256,경기 부천시 은성로62번길 13 백암빌딩 101호
마시쩡,패스트푸드,아이스크림판매,제과점업,소사본동,37.4719685398419,126.803348678275,패스트푸드아이스크림판매제과점업,소사본동%20마시쩡,https://m.place.naver.com/restaurant/1946667761,경기 부천시 소사로159번길 26
명륜진사갈비,한식,갈비/삼겹살,한식 음식점업,소사본동,37.4730402947287,126.804190792463,한식갈비/삼겹살한식 음식점업,소사본동%20명륜진사갈비,https://m.place.naver.com/restaurant/1032702452,경기 부천시 은성로 132
홍이모옛날통닭,닭/오리요리,후라이드/양념치킨,치킨 전문점,소사본동,37.4789856912507,126.794293592011,닭/오리요리후라이드/양념치킨치킨 전문점,소사본동%20홍이모옛날통닭,https://m.place.naver.com/restaurant/1346409978,경기 부천시 호현로474번길 31
치킨플러스,닭/오리요리,후라이드/양념치킨,치킨 전문점,소사본동,37.4712973521314,126.795818928492,닭/오리요리후라이드/양념치킨치킨 전문점,소사본동%20치킨플러스,https://m.place.naver.com/restaurant/1058896095,경기 부천시 소사로 146
인생아구찜,일식/수산물,아구전문,한식 음식점업,소사본동,37.479782282675,126.794653899762,일식/수산물아구전문한식 음식점업,소사본동%20인생아구찜,https://m.place.naver.com/restaurant/1866387114,경기 부천시 소삼로15번길 23 1층
카페G,커피점/카페,커피전문점/카페/다방,비알콜 음료점업,소사본동,37.4800908743959,126.795756964261,커피점/카페커피전문점/카페/다방비알콜 음료점업,소사본동%20카페G,https://m.place.naver.com/restaurant/37243999,경기 부천시 소사로 244
빨간통피자,패스트푸드,피자전문,"피자, 햄버거, 샌드위치 및 유사 음식점업",소사본동,37.4772852732098,126.796310755636,"패스트푸드피자전문피자, 햄버거, 샌드위치 및 유사 음식점업",소사본동%20빨간통피자,https://m.place.naver.com/restaurant/38420349,경기 부천시 소삼로30번길 27
낭만이흐르는호프앤포차,유흥주점,소주방/포장마차,기타 주점업,소사본동,37.4810414551166,126.794430155209,유흥주점소주방/포장마차기타 주점업,소사본동%20낭만이흐르는호프앤포차,https://m.place.naver.com/restaurant/1417192031,경기 부천시 경인옛로 22 110호
이들,분식,국수/만두/칼국수,분식 및 김밥 전문점,소사본동,37.4707820871205,126.79919606816,분식국수/만두/칼국수분식 및 김밥 전문점,소사본동%20이들,https://m.place.naver.com/restaurant/1866949154,경기 부천시 은성로76번길 99 1층
소문난곱창,한식,곱창/양구이전문,한식 음식점업,소사본동,37.4792790625839,126.793904466535,한식곱창/양구이전문한식 음식점업,소사본동%20소문난곱창,https://m.place.naver.com/restaurant/1846474123,경기 부천시 호현로474번길 24-2
수경왕만두,분식,국수/만두/칼국수,분식 및 김밥 전문점,소사본동,37.4777485538675,126.795794554751,분식국수/만두/칼국수분식 및 김밥 전문점,소사본동%20수경왕만두,https://m.place.naver.com/restaurant/1509654853,경기 부천시 소사로 220
국선참치,일식/수산물,참치전문점,일식 음식점업,소사본동,37.4775503574707,126.795797735285,일식/수산물참치전문점일식 음식점업,소사본동%20국선참치,https://m.place.naver.com/restaurant/1906970032,경기 부천시 소사로 220
BBQ치킨,닭/오리요리,후라이드/양념치킨,치킨 전문점,소사본동,37.4772388681881,126.795293967661,닭/오리요리후라이드/양념치킨치킨 전문점,소사본동%20BBQ치킨,https://m.place.naver.com/restaurant/11799011,경기 부천시 소사로 211-2 1층 비비큐
소사떡집,제과제빵떡케익,떡전문,제과점업,소사본동,37.4791804260764,126.793951276792,제과제빵떡케익떡전문제과점업,소사본동%20소사떡집,https://m.place.naver.com/restaurant/1167902009,경기 부천시 호현로474번길 22
물에빠진스파게티,양식,스파게티전문점,서양식 음식점업,소사본동,37.478556040886,126.793689965632,양식스파게티전문점서양식 음식점업,소사본동%20물에빠진스파게티,https://m.place.naver.com/restaurant/1844026433,경기 부천시 은성로19번길 76 1층 103호
칭구따라,유흥주점,호프/맥주,기타 주점업,소사본동,37.4750901323371,126.794876237682,유흥주점호프/맥주기타 주점업,소사본동%20칭구따라,https://m.place.naver.com/restaurant/1685095339,경기 부천시 은성로 38
또묵지,한식,한식/백반/한정식,한식 음식점업,소사본동,37.4805917098673,126.793623319332,한식한식/백반/한정식한식 음식점업,소사본동%20또묵지,https://m.place.naver.com/restaurant/1235843399,경기 부천시 호현로 480
밀밭골국수,분식,국수/만두/칼국수,분식 및 김밥 전문점,소사본동,37.4807431226011,126.79433319068,분식국수/만두/칼국수분식 및 김밥 전문점,소사본동%20밀밭골국수,https://m.place.naver.com/restaurant/1956711994,경기 부천시 소사로247번길 24
옛날시골통닭,닭/오리요리,후라이드/양념치킨,치킨 전문점,소사본동,37.4803681029026,126.793785203857,닭/오리요리후라이드/양념치킨치킨 전문점,소사본동%20옛날시골통닭,https://m.place.naver.com/restaurant/38643884,경기 부천시 경인옛로22번길 24
한잔비어,유흥주점,호프/맥주,기타 주점업,소사본동,37.4750901323371,126.794876237682,유흥주점호프/맥주기타 주점업,소사본동%20한잔비어,https://m.place.naver.com/restaurant/1706220241,경기 부천시 은성로 38
한결남원추어탕,한식,추어탕전문,한식 음식점업,소사본동,37.4807431226011,126.79433319068,한식추어탕전문한식 음식점업,소사본동%20한결남원추어탕,https://m.place.naver.com/restaurant/1579103195,경기 부천시 소사로247번길 24
우리집,한식,한식/백반/한정식,한식 음식점업,소사본동,37.4787254789071,126.793517649691,한식한식/백반/한정식한식 음식점업,소사본동%20우리집,https://m.place.naver.com/restaurant/19258436,경기 부천시 호현로439번길 32 부천우리노리어린이집
한솥도시락서울신학대점,패스트푸드,도시락전문점,한식 음식점업,소사본동,37.4813116161099,126.792650689737,패스트푸드도시락전문점한식 음식점업,소사본동%20한솥도시락서울신학대점,https://m.place.naver.com/restaurant/13376437,경기 부천시 호현로489번길 6
김밥천국,분식,라면김밥분식,분식 및 김밥 전문점,소사본동,37.4726169578384,126.794452435979,분식라면김밥분식분식 및 김밥 전문점,소사본동%20김밥천국,https://m.place.naver.com/restaurant/19258388,경기 부천시 호현로 495
김밥마을,분식,라면김밥분식,분식 및 김밥 전문점,소사본동,37.4808292908144,126.792183579964,분식라면김밥분식분식 및 김밥 전문점,소사본동%20김밥마을,https://m.place.naver.com/restaurant/19438177,경기 부천시 호현로489번길 20
59피자,패스트푸드,패스트푸드,그외 기타 음식점업,소사본동,37.481537069935,126.792669674956,패스트푸드패스트푸드그외 기타 음식점업,소사본동%2059피자,https://m.place.naver.com/restaurant/15006696,경기 부천시 은성로 83-1
지리산솥뚜껑암돼지,한식,갈비/삼겹살,한식 음식점업,소사본동,37.4750736132563,126.795023475585,한식갈비/삼겹살한식 음식점업,소사본동%20지리산솥뚜껑암돼지,https://m.place.naver.com/restaurant/1502032101,경기 부천시 은성로 40 1층
호원냉면&수제돈가스,양식,돈가스전문점,서양식 음식점업,소사본동,37.4776799597498,126.795252968427,양식돈가스전문점서양식 음식점업,소사본동%20호원냉면&수제돈가스,https://m.place.naver.com/restaurant/37700640,경기 부천시 소사로 217
오미청국장,한식,한식/백반/한정식,한식 음식점업,소사본동,37.4750584927927,126.79442452236,한식한식/백반/한정식한식 음식점업,소사본동%20오미청국장,https://m.place.naver.com/restaurant/31824962,경기 부천시 은성로 34-1
show,별식/퓨전요리,샤브샤브전문,한식 음식점업,소사본동,37.4818210660789,126.794892505889,별식/퓨전요리샤브샤브전문한식 음식점업,소사본동%20show,https://m.place.naver.com/restaurant/15005272,경기 부천시 소삼로 26
자매분식,분식,라면김밥분식,분식 및 김밥 전문점,소사본동,37.4815826756076,126.790961649758,분식라면김밥분식분식 및 김밥 전문점,소사본동%20자매분식,https://m.place.naver.com/restaurant/31729346,경기 부천시 부일로571번길 45-1
토암골옛날막창,한식,곱창/양구이전문,한식 음식점업,소사본동,37.4766438179834,126.795258297063,한식곱창/양구이전문한식 음식점업,소사본동%20토암골옛날막창,https://m.place.naver.com/restaurant/1360727318,경기 부천시 부일로562번길 4
꾸브라꼬숯불두마리치킨,닭/오리요리,후라이드/양념치킨,치킨 전문점,소사본동,37.4740782561954,126.798148452622,닭/오리요리후라이드/양념치킨치킨 전문점,소사본동%20꾸브라꼬숯불두마리치킨,https://m.place.naver.com/restaurant/1617847608,경기 부천시 은성로68번길 26 1층
피자마루,패스트푸드,피자전문,"피자, 햄버거, 샌드위치 및 유사 음식점업",소사본동,37.4805062334134,126.791431251312,"패스트푸드피자전문피자, 햄버거, 샌드위치 및 유사 음식점업",소사본동%20피자마루,https://m.place.naver.com/restaurant/32637102,경기 부천시 호현로489번길 38
예찬솥밥추어탕,한식,추어탕전문,한식 음식점업,소사본동,37.4790656242535,126.793297363094,한식추어탕전문한식 음식점업,소사본동%20예찬솥밥추어탕,https://m.place.naver.com/restaurant/1405710770,경기 부천시 소삼로 1
소문난밥집,분식,라면김밥분식,분식 및 김밥 전문점,소사본동,37.4801538395085,126.794862751778,분식라면김밥분식분식 및 김밥 전문점,소사본동%20소문난밥집,https://m.place.naver.com/restaurant/1092501825,경기 부천시 소삼로15번길 34-2
스시990,일식/수산물,음식점-초밥전문,일식 음식점업,소사본동,37.4808864642793,126.79248793406,일식/수산물음식점-초밥전문일식 음식점업,소사본동%20스시990,https://m.place.naver.com/restaurant/13486894,경기 부천시 호현로489번길 13
향기커피호프,유흥주점,호프/맥주,기타 주점업,소사본동,37.4813116161099,126.792650689737,유흥주점호프/맥주기타 주점업,소사본동%20향기커피호프,https://m.place.naver.com/restaurant/1108383015,경기 부천시 호현로489번길 6
피제이피자,패스트푸드,피자전문,"피자, 햄버거, 샌드위치 및 유사 음식점업",소사본동,37.4725626416515,126.79885103547,"패스트푸드피자전문피자, 햄버거, 샌드위치 및 유사 음식점업",소사본동%20피제이피자,https://m.place.naver.com/restaurant/1441189969,경기 부천시 지봉로 73 1층 피제이피자
삼거리순대국식당,별식/퓨전요리,순대전문점,한식 음식점업,소사본동,37.4778780647771,126.792592875785,별식/퓨전요리순대전문점한식 음식점업,소사본동%20삼거리순대국식당,https://m.place.naver.com/restaurant/31619815,경기 부천시 호현로 477
비어클럽,유흥주점,호프/맥주,기타 주점업,소사본동,37.4753270160394,126.795132463135,유흥주점호프/맥주기타 주점업,소사본동%20비어클럽,https://m.place.naver.com/restaurant/37321567,경기 부천시 은성로 39-1
대보회수산,일식/수산물,수산물전문음식점-종합,한식 음식점업,소사본동,37.478787135234,126.795144743451,일식/수산물수산물전문음식점-종합한식 음식점업,소사본동%20대보회수산,https://m.place.naver.com/restaurant/37320879,경기 부천시 소삼로 19
도레미호프타운,유흥주점,호프/맥주,기타 주점업,소사본동,37.4753077301081,126.795008410917,유흥주점호프/맥주기타 주점업,소사본동%20도레미호프타운,https://m.place.naver.com/restaurant/21162427,경기 부천시 은성로 39
부길왕갈비,한식,갈비/삼겹살,한식 음식점업,소사본동,37.4810384602959,126.792372423084,한식갈비/삼겹살한식 음식점업,소사본동%20부길왕갈비,https://m.place.naver.com/restaurant/19258985,경기 부천시 호현로489번길 14
파리바게뜨,제과제빵떡케익,제과점,제과점업,소사본동,37.4811515350006,126.792856782686,제과제빵떡케익제과점제과점업,소사본동%20파리바게뜨,https://m.place.naver.com/restaurant/19258625,경기 부천시 소사동로 82 센트럴프라자 105호
픽미픽미아이스,패스트푸드,아이스크림판매,제과점업,소사본동,37.4815241341814,126.793167371642,패스트푸드아이스크림판매제과점업,소사본동%20픽미픽미아이스,https://m.place.naver.com/restaurant/1590531154,경기 부천시 부흥로457번길 6 1층
화오양꼬치,닭/오리요리,후라이드/양념치킨,치킨 전문점,소사본동,37.4798521477776,126.795319849614,닭/오리요리후라이드/양념치킨치킨 전문점,소사본동%20화오양꼬치,https://m.place.naver.com/restaurant/1378383248,경기 부천시 소사로 239-1
비어비워,유흥주점,호프/맥주,기타 주점업,소사본동,37.480077278195,126.793541139571,유흥주점호프/맥주기타 주점업,소사본동%20비어비워,https://m.place.naver.com/restaurant/1964373402,경기 부천시 호현로 476
도로시,커피점/카페,커피전문점/카페/다방,비알콜 음료점업,소사본동,37.4797188060013,126.797266672132,커피점/카페커피전문점/카페/다방비알콜 음료점업,소사본동%20도로시,https://m.place.naver.com/restaurant/35850828,경기 부천시 소삼로 47-1 부천소사역 푸르지오 상가
충남원,중식,중국음식/중국집,중식 음식점업,소사본동,37.4753160661501,126.792294927648,중식중국음식/중국집중식 음식점업,소사본동%20충남원,https://m.place.naver.com/restaurant/1962498384,경기 부천시 은성로 15 166-8
달구벌곱창막창,한식,곱창/양구이전문,한식 음식점업,소사본동,37.4703158386826,126.795879894394,한식곱창/양구이전문한식 음식점업,소사본동%20달구벌곱창막창,https://m.place.naver.com/restaurant/1063594290,경기 부천시 소사로 135
두꺼비포차,유흥주점,호프/맥주,기타 주점업,소사본동,37.4787585128488,126.793223158888,유흥주점호프/맥주기타 주점업,소사본동%20두꺼비포차,https://m.place.naver.com/restaurant/1747514524,경기 부천시 호현로 473
양우포차,유흥주점,호프/맥주,기타 주점업,소사본동,37.4824450834381,126.796001846068,유흥주점호프/맥주기타 주점업,소사본동%20양우포차,https://m.place.naver.com/restaurant/37319539,경기 부천시 소사로126번길 23
옛날짜장우동,중식,중국음식/중국집,중식 음식점업,소사본동,37.4764100469269,126.795307273152,중식중국음식/중국집중식 음식점업,소사본동%20옛날짜장우동,https://m.place.naver.com/restaurant/1402229098,경기 부천시 소사로 203
호커피,커피점/카페,커피전문점/카페/다방,비알콜 음료점업,소사본동,37.481092393617,126.794124061413,커피점/카페커피전문점/카페/다방비알콜 음료점업,소사본동%20호커피,https://m.place.naver.com/restaurant/37069466,경기 부천시 경인옛로22번길 8
할머니집,한식,한식/백반/한정식,한식 음식점업,소사본동,37.4811832961624,126.792437930975,한식한식/백반/한정식한식 음식점업,소사본동%20할머니집,https://m.place.naver.com/restaurant/21164942,경기 부천시 호현로489번길 10
종로떡,제과제빵떡케익,떡전문,제과점업,소사본동,37.4794168503163,126.794162295335,제과제빵떡케익떡전문제과점업,소사본동%20종로떡,https://m.place.naver.com/restaurant/1472297575,경기 부천시 소사로170번길 62
시리우스호프,유흥주점,호프/맥주,기타 주점업,소사본동,37.4701722715909,126.795938721739,유흥주점호프/맥주기타 주점업,소사본동%20시리우스호프,https://m.place.naver.com/restaurant/1654055932,경기 부천시 부광로8번길 6
이디야커피,커피점/카페,커피전문점/카페/다방,비알콜 음료점업,소사본동,37.4707188216644,126.795636026101,커피점/카페커피전문점/카페/다방비알콜 음료점업,소사본동%20이디야커피,https://m.place.naver.com/restaurant/1859138563,경기 부천시 소사로282번길 8
병천토부리순대,한식,한식/백반/한정식,한식 음식점업,소사본동,37.4815724124053,126.792601266861,한식한식/백반/한정식한식 음식점업,소사본동%20병천토부리순대,https://m.place.naver.com/restaurant/38503432,경기 부천시 호현로 493
여우고개맛,한식,한식/백반/한정식,한식 음식점업,소사본동,37.4778632811685,126.792909681811,한식한식/백반/한정식한식 음식점업,소사본동%20여우고개맛,https://m.place.naver.com/restaurant/1846729442,경기 부천시 호현로 448-1
페리카나,닭/오리요리,후라이드/양념치킨,치킨 전문점,소사본동,37.4722294420888,126.795329157566,닭/오리요리후라이드/양념치킨치킨 전문점,소사본동%20페리카나,https://m.place.naver.com/restaurant/11800334,경기 부천시 소사로160번길 26-2
또오래오리전문점,닭/오리요리,오리고기전문,한식 음식점업,소사본동,37.4800563547344,126.79856149082,닭/오리요리오리고기전문한식 음식점업,소사본동%20또오래오리전문점,https://m.place.naver.com/restaurant/15005492,경기 부천시 소사로247번길 11 1층
깻잎치킨,닭/오리요리,후라이드/양념치킨,치킨 전문점,소사본동,37.4809217692335,126.79594714514,닭/오리요리후라이드/양념치킨치킨 전문점,소사본동%20깻잎치킨,https://m.place.naver.com/restaurant/1925058319,경기 부천시 소삼로 47
부원분식,분식,라면김밥분식,분식 및 김밥 전문점,소사본동,37.4778858028722,126.792468385182,분식라면김밥분식분식 및 김밥 전문점,소사본동%20부원분식,https://m.place.naver.com/restaurant/37319919,경기 부천시 호현로447번길 6
중화각,중식,중국음식/중국집,중식 음식점업,소사본동,37.4795090018361,126.795246214987,중식중국음식/중국집중식 음식점업,소사본동%20중화각,https://m.place.naver.com/restaurant/13507681,경기 부천시 소사로 237-3
파리바게뜨,제과제빵떡케익,제과점,제과점업,소사본동,37.481974464306,126.793148821515,제과제빵떡케익제과점제과점업,소사본동%20파리바게뜨,https://m.place.naver.com/restaurant/19258625,경기 부천시 소사동로 82 센트럴프라자 105호
더안카페,커피점/카페,커피전문점/카페/다방,비알콜 음료점업,소사본동,37.4723556824088,126.795338436524,커피점/카페커피전문점/카페/다방비알콜 음료점업,소사본동%20더안카페,https://m.place.naver.com/restaurant/37373390,경기 부천시 소사로 157
요거프레소,커피점/카페,커피전문점/카페/다방,비알콜 음료점업,소사본동,37.4801521103158,126.791165602833,커피점/카페커피전문점/카페/다방비알콜 음료점업,소사본동%20요거프레소,https://m.place.naver.com/restaurant/19426121,경기 부천시 신흥로56번길 30
민물장어산꼼장어전문점,일식/수산물,곰장어전문,한식 음식점업,소사본동,37.4798478639113,126.795783477008,일식/수산물곰장어전문한식 음식점업,소사본동%20민물장어산꼼장어전문점,https://m.place.naver.com/restaurant/1281652860,경기 부천시 신흥로 38 1층 일부
실로암교회카페,커피점/카페,커피전문점/카페/다방,비알콜 음료점업,소사본동,37.4759662103164,126.792431439256,커피점/카페커피전문점/카페/다방비알콜 음료점업,소사본동%20실로암교회카페,https://m.place.naver.com/restaurant/1138407256,경기 부천시 은성로62번길 13 백암빌딩 101호
사랑방왕돈까스,양식,돈가스전문점,서양식 음식점업,소사본동,37.4799923879122,126.793169395713,양식돈가스전문점서양식 음식점업,소사본동%20사랑방왕돈까스,https://m.place.naver.com/restaurant/1966358552,경기 부천시 호현로 473
마포주먹고기식당,한식,한식/백반/한정식,한식 음식점업,소사본동,37.4776799597498,126.795252968427,한식한식/백반/한정식한식 음식점업,소사본동%20마포주먹고기식당,https://m.place.naver.com/restaurant/15004596,경기 부천시 소사로 217
삼거리순대국식당,별식/퓨전요리,순대전문점,한식 음식점업,소사본동,37.4803983664271,126.793219397924,별식/퓨전요리순대전문점한식 음식점업,소사본동%20삼거리순대국식당,https://m.place.naver.com/restaurant/31619815,경기 부천시 호현로 477
페리카나,닭/오리요리,후라이드/양념치킨,치킨 전문점,소사본동,37.4813772168556,126.793780287697,닭/오리요리후라이드/양념치킨치킨 전문점,소사본동%20페리카나,https://m.place.naver.com/restaurant/11800334,경기 부천시 소사로160번길 26-2
진미식당,한식,한식/백반/한정식,한식 음식점업,소사본동,37.4823084414856,126.789683607091,한식한식/백반/한정식한식 음식점업,소사본동%20진미식당,https://m.place.naver.com/restaurant/1123230382,경기 부천시 경인로 306-10
커피비,커피점/카페,커피전문점/카페/다방,비알콜 음료점업,소사본동,37.4807184099082,126.79191401041,커피점/카페커피전문점/카페/다방비알콜 음료점업,소사본동%20커피비,https://m.place.naver.com/restaurant/21161456,경기 부천시 호현로489번길 26
소머리국밥,한식,해장국/감자탕,한식 음식점업,소사본동,37.4787946454066,126.794997642932,한식해장국/감자탕한식 음식점업,소사본동%20소머리국밥,https://m.place.naver.com/restaurant/1976952964,경기 부천시 소삼로 30
연탄불생고기,한식,갈비/삼겹살,한식 음식점업,소사본동,37.4737092345631,126.79818827822,한식갈비/삼겹살한식 음식점업,소사본동%20연탄불생고기,https://m.place.naver.com/restaurant/1895950550,경기 부천시 은성로68번길 34
맛나만두,분식,국수/만두/칼국수,분식 및 김밥 전문점,소사본동,37.4783028700418,126.792721713363,분식국수/만두/칼국수분식 및 김밥 전문점,소사본동%20맛나만두,https://m.place.naver.com/restaurant/1335339622,경기 부천시 호현로 453-1
중앙식당,한식,한식/백반/한정식,한식 음식점업,소사본동,37.4791439288071,126.793906638608,한식한식/백반/한정식한식 음식점업,소사본동%20중앙식당,https://m.place.naver.com/restaurant/1614408508,경기 부천시 호현로474번길 24
붐비어,유흥주점,호프/맥주,기타 주점업,소사본동,37.4723521092583,126.79498803337,유흥주점호프/맥주기타 주점업,소사본동%20붐비어,https://m.place.naver.com/restaurant/19258896,경기 부천시 소사로159번길 9
잔치떡집,제과제빵떡케익,제과점,제과점업,소사본동,37.4793976786542,126.794049541044,제과제빵떡케익제과점제과점업,소사본동%20잔치떡집,https://m.place.naver.com/restaurant/37078344,경기 부천시 경인로498번길 26
더벤티,커피점/카페,커피전문점/카페/다방,비알콜 음료점업,소사본동,37.4678772275675,126.79796512769,커피점/카페커피전문점/카페/다방비알콜 음료점업,소사본동%20더벤티,https://m.place.naver.com/restaurant/1196634922,경기 부천시 소사로 102 더벤티 부천소새울역점
카페웬디,커피점/카페,커피전문점/카페/다방,비알콜 음료점업,소사본동,37.4801763725062,126.791775755006,커피점/카페커피전문점/카페/다방비알콜 음료점업,소사본동%20카페웬디,https://m.place.naver.com/restaurant/1920610138,경기 부천시 호현로489번길 31-7
양가네가마솥영양탕,한식,한식/백반/한정식,한식 음식점업,소사본동,37.4809152227547,126.793538972564,한식한식/백반/한정식한식 음식점업,소사본동%20양가네가마솥영양탕,https://m.place.naver.com/restaurant/19258256,경기 부천시 호현로 477
김파퍼베트남쌀국수,양식,기타전문서양음식점,서양식 음식점업,소사본동,37.478138526582,126.797812079821,양식기타전문서양음식점서양식 음식점업,소사본동%20김파퍼베트남쌀국수,https://m.place.naver.com/restaurant/1967909465,경기 부천시 소삼로 46 드림타워
이모네포차,유흥주점,소주방/포장마차,기타 주점업,소사본동,37.4787600138051,126.793370114586,유흥주점소주방/포장마차기타 주점업,소사본동%20이모네포차,https://m.place.naver.com/restaurant/1396847876,경기 부천시 소삼로 4
놀부빈대떡,유흥주점,호프/맥주,기타 주점업,소사본동,37.479661922965,126.795221147148,유흥주점호프/맥주기타 주점업,소사본동%20놀부빈대떡,https://m.place.naver.com/restaurant/21146418,경기 부천시 소사로 239
친구네정육식당,한식,갈비/삼겹살,한식 음식점업,소사본동,37.4769859266599,126.795230193062,한식갈비/삼겹살한식 음식점업,소사본동%20친구네정육식당,https://m.place.naver.com/restaurant/1807177968,경기 부천시 소사로 209-1
명태어장,한식,한정식전문,한식 음식점업,소사본동,37.4734815685108,126.795297754394,한식한정식전문한식 음식점업,소사본동%20명태어장,https://m.place.naver.com/restaurant/1416915616,경기 부천시 소사로 171
사랑채,한식,한식/백반/한정식,한식 음식점업,소사본동,37.4807376992138,126.792038070652,한식한식/백반/한정식한식 음식점업,소사본동%20사랑채,https://m.place.naver.com/restaurant/1860248400,경기 부천시 호현로489번길 22
소소한사치,기타음식업,고속도로휴게소,그외 기타 음식점업,소사본동,37.479964749469,126.795758988475,기타음식업고속도로휴게소그외 기타 음식점업,소사본동%20소소한사치,https://m.place.naver.com/restaurant/1592372044,경기 부천시 호현로 489 1층 카페 소소한사치
카페정담,커피점/카페,커피전문점/카페/다방,비알콜 음료점업,소사본동,37.4801521103158,126.791165602833,커피점/카페커피전문점/카페/다방비알콜 음료점업,소사본동%20카페정담,https://m.place.naver.com/restaurant/1967024146,경기 부천시 호현로489번길 45-1 2층 정담
오가네소머리국밥,한식,해장국/감자탕,한식 음식점업,소사본동,37.4802089482822,126.793199831666,한식해장국/감자탕한식 음식점업,소사본동%20오가네소머리국밥,https://m.place.naver.com/restaurant/1842624903,경기 부천시 호현로 475
소사순대,별식/퓨전요리,순대전문점,한식 음식점업,소사본동,37.4797564198325,126.793885487326,별식/퓨전요리순대전문점한식 음식점업,소사본동%20소사순대,https://m.place.naver.com/restaurant/1886805006,경기 부천시 은성로 66 1층 101호
기분좋은커피,커피점/카페,커피전문점/카페/다방,비알콜 음료점업,소사본동,37.4742835939017,126.795307491282,커피점/카페커피전문점/카페/다방비알콜 음료점업,소사본동%20기분좋은커피,https://m.place.naver.com/restaurant/1539049144,경기 부천시 소사로 179
영광한식부페,부페,한식부페,한식 음식점업,소사본동,37.4759684942082,126.795303055678,부페한식부페한식 음식점업,소사본동%20영광한식부페,https://m.place.naver.com/restaurant/1407533759,경기 부천시 소사로 174-1
셀렉토커피,커피점/카페,커피전문점/카페/다방,비알콜 음료점업,소사본동,37.4807027063418,126.793022293708,커피점/카페커피전문점/카페/다방비알콜 음료점업,소사본동%20셀렉토커피,https://m.place.naver.com/restaurant/1223891977,경기 부천시 호현로469번길 25 1층 2층
투썸플레이스,커피점/카페,커피전문점/카페/다방,비알콜 음료점업,소사본동,37.4694974936818,126.796921754161,커피점/카페커피전문점/카페/다방비알콜 음료점업,소사본동%20투썸플레이스,https://m.place.naver.com/restaurant/1587830942,경기 부천시 경인로 386
양사부쿵푸짬뽕,중식,중국음식/중국집,중식 음식점업,소사본동,37.4795054278344,126.794895778448,중식중국음식/중국집중식 음식점업,소사본동%20양사부쿵푸짬뽕,https://m.place.naver.com/restaurant/1166112658,경기 부천시 소삼로15번길 18
육회한통닭,닭/오리요리,후라이드/양념치킨,치킨 전문점,소사본동,37.4805917098673,126.793623319332,닭/오리요리후라이드/양념치킨치킨 전문점,소사본동%20육회한통닭,https://m.place.naver.com/restaurant/1093339001,경기 부천시 호현로 480 1층
카페노랑,커피점/카페,커피전문점/카페/다방,비알콜 음료점업,소사본동,37.4816753543575,126.797393601315,커피점/카페커피전문점/카페/다방비알콜 음료점업,소사본동%20카페노랑,https://m.place.naver.com/restaurant/1757313670,경기 부천시 경인로 376 부성파인 오피스텔 1층
반올림피자샵,패스트푸드,피자전문,"피자, 햄버거, 샌드위치 및 유사 음식점업",소사본동,37.4750192253616,126.800304055742,"패스트푸드피자전문피자, 햄버거, 샌드위치 및 유사 음식점업",소사본동%20반올림피자샵,https://m.place.naver.com/restaurant/1456386849,경기 부천시 은성로 86
김밥천국,분식,라면김밥분식,분식 및 김밥 전문점,소사본동,37.481688488404,126.792497639693,분식라면김밥분식분식 및 김밥 전문점,소사본동%20김밥천국,https://m.place.naver.com/restaurant/19258388,경기 부천시 호현로 495
시골즉석손두부,한식,두부요리전문,한식 음식점업,소사본동,37.4794491933674,126.793799975706,한식두부요리전문한식 음식점업,소사본동%20시골즉석손두부,https://m.place.naver.com/restaurant/35949249,경기 부천시 호현로474번길 18
쿠웨이트떡볶이,분식,떡볶이전문,분식 및 김밥 전문점,소사본동,37.469565562371,126.795643225421,분식떡볶이전문분식 및 김밥 전문점,소사본동%20쿠웨이트떡볶이,https://m.place.naver.com/restaurant/1118472800,경기 부천시 소사로125번길 15 1층
Hocoffee,커피점/카페,커피전문점/카페/다방,비알콜 음료점업,소사본동,37.481092393617,126.794124061413,커피점/카페커피전문점/카페/다방비알콜 음료점업,소사본동%20Hocoffee,https://m.place.naver.com/restaurant/37069466,경기 부천시 경인옛로22번길 8
보원,별식/퓨전요리,사철탕전문,한식 음식점업,소사본동,37.4787254789071,126.793517649691,별식/퓨전요리사철탕전문한식 음식점업,소사본동%20보원,https://m.place.naver.com/restaurant/1030632353,경기 부천시 소삼로 6
시골영양탕,닭/오리요리,삼계탕전문,한식 음식점업,소사본동,37.477032150719,126.792696933483,닭/오리요리삼계탕전문한식 음식점업,소사본동%20시골영양탕,https://m.place.naver.com/restaurant/99282753,경기 부천시 호현로 440-1
시골영양탕,닭/오리요리,삼계탕전문,한식 음식점업,소사본동,37.4805329060055,126.794924501887,닭/오리요리삼계탕전문한식 음식점업,소사본동%20시골영양탕,https://m.place.naver.com/restaurant/99282753,경기 부천시 호현로 440-1
파리바게뜨,제과제빵떡케익,제과점,제과점업,소사본동,37.4796031568722,126.792994755664,제과제빵떡케익제과점제과점업,소사본동%20파리바게뜨,https://m.place.naver.com/restaurant/19258625,경기 부천시 소사동로 82 센트럴프라자 105호
이디야커피,커피점/카페,커피전문점/카페/다방,비알콜 음료점업,소사본동,37.4801992366657,126.791368358008,커피점/카페커피전문점/카페/다방비알콜 음료점업,소사본동%20이디야커피,https://m.place.naver.com/restaurant/1859138563,경기 부천시 소사로282번길 8
월드대박,한식,한식/백반/한정식,한식 음식점업,소사본동,37.4787600138051,126.793370114586,한식한식/백반/한정식한식 음식점업,소사본동%20월드대박,https://m.place.naver.com/restaurant/1452137309,경기 부천시 소삼로 4
행복한포차,유흥주점,소주방/포장마차,기타 주점업,소사본동,37.4812880239363,126.795635991518,유흥주점소주방/포장마차기타 주점업,소사본동%20행복한포차,https://m.place.naver.com/restaurant/1294807838,경기 부천시 부일로449번길 40
빵나라빵마을,제과제빵떡케익,제과점,제과점업,소사본동,37.4796488898273,126.793943747147,제과제빵떡케익제과점제과점업,소사본동%20빵나라빵마을,https://m.place.naver.com/restaurant/1161387627,경기 부천시 호현로474번길 13-2
강호동치킨678,닭/오리요리,후라이드/양념치킨,치킨 전문점,소사본동,37.4797188060013,126.797266672132,닭/오리요리후라이드/양념치킨치킨 전문점,소사본동%20강호동치킨678,https://m.place.naver.com/restaurant/31215927,경기 부천시 소삼로 47 부천소사역 푸르지오
우정식당,한식,한식/백반/한정식,한식 음식점업,소사본동,37.4805062334134,126.791431251312,한식한식/백반/한정식한식 음식점업,소사본동%20우정식당,https://m.place.naver.com/restaurant/1225254978,경기 부천시 호현로489번길 38
서신분식,분식,라면김밥분식,분식 및 김밥 전문점,소사본동,37.4812715363764,126.792255606514,분식라면김밥분식분식 및 김밥 전문점,소사본동%20서신분식,https://m.place.naver.com/restaurant/15005802,경기 부천시 호현로497번길 20-2
바비큐,닭/오리요리,후라이드/양념치킨,치킨 전문점,소사본동,37.4772388681881,126.795293967661,닭/오리요리후라이드/양념치킨치킨 전문점,소사본동%20바비큐,https://m.place.naver.com/restaurant/31609052,경기 부천시 소사로 243
시골식당,한식,한식/백반/한정식,한식 음식점업,소사본동,37.4805329060055,126.794924501887,한식한식/백반/한정식한식 음식점업,소사본동%20시골식당,https://m.place.naver.com/restaurant/1849759375,경기 부천시 소사로 257
배진화옛날통닭,닭/오리요리,후라이드/양념치킨,치킨 전문점,소사본동,37.471484524033,126.797387327335,닭/오리요리후라이드/양념치킨치킨 전문점,소사본동%20배진화옛날통닭,https://m.place.naver.com/restaurant/1798335246,경기 부천시 소사로148번길 31
크리스마스자몽,커피점/카페,커피전문점/카페/다방,비알콜 음료점업,소사본동,37.4783022585209,126.790019572427,커피점/카페커피전문점/카페/다방비알콜 음료점업,소사본동%20크리스마스자몽,https://m.place.naver.com/restaurant/1569929289,경기 부천시 호현로489번길 52
복죽,별식/퓨전요리,죽전문점,한식 음식점업,소사본동,37.4797033754578,126.795751877013,별식/퓨전요리죽전문점한식 음식점업,소사본동%20복죽,https://m.place.naver.com/restaurant/38502262,경기 부천시 소사로 240
젬마커피,커피점/카페,커피전문점/카페/다방,비알콜 음료점업,소사본동,37.4817760214901,126.794893229388,커피점/카페커피전문점/카페/다방비알콜 음료점업,소사본동%20젬마커피,https://m.place.naver.com/restaurant/1989058954,경기 부천시 경인옛로 25 한신더휴메트로 상가 지상 124호
빙하시대,한식,냉면집,한식 음식점업,소사본동,37.479782282675,126.794653899762,한식냉면집한식 음식점업,소사본동%20빙하시대,https://m.place.naver.com/restaurant/1606396107,경기 부천시 부천로86번길 64
진담,커피점/카페,커피전문점/카페/다방,비알콜 음료점업,소사본동,37.4756940340476,126.801095972016,커피점/카페커피전문점/카페/다방비알콜 음료점업,소사본동%20진담,https://m.place.naver.com/restaurant/1311348194,경기 부천시 소안로 10
카페무홀,커피점/카페,커피전문점/카페/다방,비알콜 음료점업,소사본동,37.4724536260391,126.800537254591,커피점/카페커피전문점/카페/다방비알콜 음료점업,소사본동%20카페무홀,https://m.place.naver.com/restaurant/1777936747,경기 부천시 소사로160번길 90 1층
돈우네정육식당,한식,기타고기요리,한식 음식점업,소사본동,37.4815241341814,126.793167371642,한식기타고기요리한식 음식점업,소사본동%20돈우네정육식당,https://m.place.naver.com/restaurant/1824141676,경기 부천시 호현로 488 1층 정다운그린빌 117호
쌍둥이베트남쌀국수,별식/퓨전요리,동남아음식전문점,기타 외국식 음식점업,소사본동,37.4815241341814,126.793167371642,별식/퓨전요리동남아음식전문점기타 외국식 음식점업,소사본동%20쌍둥이베트남쌀국수,https://m.place.naver.com/restaurant/1764452545,경기 부천시 호현로 488 정다운그린빌
디저트구스,제과제빵떡케익,제과점,제과점업,소사본동,37.4805917098673,126.793623319332,제과제빵떡케익제과점제과점업,소사본동%20디저트구스,https://m.place.naver.com/restaurant/1373129500,경기 부천시 호현로 480
여우애김밥,분식,라면김밥분식,분식 및 김밥 전문점,소사본동,37.4817760214901,126.794893229388,분식라면김밥분식분식 및 김밥 전문점,소사본동%20여우애김밥,https://m.place.naver.com/restaurant/1169066043,경기 부천시 경인옛로 25 B1층 B105호~106호
아모르바베큐파티,양식,바베큐전문,서양식 음식점업,소사본동,37.4795682711498,126.793990268004,양식바베큐전문서양식 음식점업,소사본동%20아모르바베큐파티,https://m.place.naver.com/restaurant/1266260501,경기 부천시 호현로474번길 15 1층 일부호
막창애삼겹,한식,갈비/삼겹살,한식 음식점업,소사본동,37.4723921258388,126.797146681155,한식갈비/삼겹살한식 음식점업,소사본동%20막창애삼겹,https://m.place.naver.com/restaurant/1432203959,경기 부천시 소사로160번길 30
무식한초밥,일식/수산물,음식점-초밥전문,일식 음식점업,소사본동,37.4756940340476,126.801095972016,일식/수산물음식점-초밥전문일식 음식점업,소사본동%20무식한초밥,https://m.place.naver.com/restaurant/1905657965,경기 부천시 소안로 10
건달치킨,닭/오리요리,후라이드/양념치킨,치킨 전문점,소사본동,37.4791439288071,126.793906638608,닭/오리요리후라이드/양념치킨치킨 전문점,소사본동%20건달치킨,https://m.place.naver.com/restaurant/1859149707,경기 부천시 호현로474번길 24
뉴욕어시장,일식/수산물,횟집,한식 음식점업,소사본동,37.4725821532904,126.798997691024,일식/수산물횟집한식 음식점업,소사본동%20뉴욕어시장,https://m.place.naver.com/restaurant/1416579756,경기 부천시 소사로160번길 61
여수식당,한식,한식/백반/한정식,한식 음식점업,소사본동,37.4821300204595,126.790738003366,한식한식/백반/한정식한식 음식점업,소사본동%20여수식당,https://m.place.naver.com/restaurant/37319273,경기 부천시 경인로316번길 7-5
카페,커피점/카페,커피전문점/카페/다방,비알콜 음료점업,소사본동,37.4824083310655,126.796816517864,커피점/카페커피전문점/카페/다방비알콜 음료점업,소사본동%20카페,https://m.place.naver.com/restaurant/1138407256,경기 부천시 은성로62번길 13 백암빌딩 101호
하우마라탕,중식,중국음식/중국집,중식 음식점업,소사본동,37.4781295176489,126.797812224151,중식중국음식/중국집중식 음식점업,소사본동%20하우마라탕,https://m.place.naver.com/restaurant/1468411813,경기 부천시 소삼로 46 드링타워A동104
아이스크림할인점와와,패스트푸드,아이스크림판매,제과점업,소사본동,37.467000163556,126.801212223176,패스트푸드아이스크림판매제과점업,소사본동%20아이스크림할인점와와,https://m.place.naver.com/restaurant/1655614685,경기 부천시 소사로78번길 77
경성짜장,중식,중국음식/중국집,중식 음식점업,소사본동,37.4746948126881,126.797641135485,중식중국음식/중국집중식 음식점업,소사본동%20경성짜장,https://m.place.naver.com/restaurant/1387644541,경기 부천시 은성로62번길 13
호식이두마리치킨,닭/오리요리,후라이드/양념치킨,치킨 전문점,소사본동,37.4741931455535,126.798813634842,닭/오리요리후라이드/양념치킨치킨 전문점,소사본동%20호식이두마리치킨,https://m.place.naver.com/restaurant/1782508210,경기 부천시 은성로68번길 21-10
태리로제떡볶이,분식,떡볶이전문,분식 및 김밥 전문점,소사본동,37.4818210660789,126.794892505889,분식떡볶이전문분식 및 김밥 전문점,소사본동%20태리로제떡볶이,https://m.place.naver.com/restaurant/1567144851,경기 부천시 경인옛로 25
꽃하루앙금플라워,제과제빵떡케익,떡전문,제과점업,소사본동,37.4770922094839,126.79240201412,제과제빵떡케익떡전문제과점업,소사본동%20꽃하루앙금플라워,https://m.place.naver.com/restaurant/1065856417,"경기 부천시 호현로 439 1층, 꽃하루앙금플라워"
부어치킨,닭/오리요리,후라이드/양념치킨,치킨 전문점,소사본동,37.4723910901354,126.797044951084,닭/오리요리후라이드/양념치킨치킨 전문점,소사본동%20부어치킨,https://m.place.naver.com/restaurant/1117053524,경기 부천시 소사로160번길 26-1 1층
떡사랑,제과제빵떡케익,떡전문,제과점업,소사본동,37.4725095353806,126.803385273678,제과제빵떡케익떡전문제과점업,소사본동%20떡사랑,https://m.place.naver.com/restaurant/1294100811,경기 부천시 소사동로72번길 17
남촌숯불갈비,한식,갈비/삼겹살,한식 음식점업,소사본동,37.4731483532726,126.795314408287,한식갈비/삼겹살한식 음식점업,소사본동%20남촌숯불갈비,https://m.place.naver.com/restaurant/1119578248,경기 부천시 소사로 165-2
영스비어,유흥주점,호프/맥주,기타 주점업,소사본동,37.4770678138516,126.795308019616,유흥주점호프/맥주기타 주점업,소사본동%20영스비어,https://m.place.naver.com/restaurant/1487888159,경기 부천시 소사로 211 1층
푸라닭,패스트푸드,피자전문,"피자, 햄버거, 샌드위치 및 유사 음식점업",소사본동,37.4745586042744,126.798423398094,"패스트푸드피자전문피자, 햄버거, 샌드위치 및 유사 음식점업",소사본동%20푸라닭,https://m.place.naver.com/restaurant/1398220990,경기 부천시 은성로68번길 13
라홍방마라탕,중식,중국음식/중국집,중식 음식점업,소사본동,37.4731999389389,126.80393953194,중식중국음식/중국집중식 음식점업,소사본동%20라홍방마라탕,https://m.place.naver.com/restaurant/1316273216,경기 부천시 소사동로 82 1층 108호
국수와사랑에빠진날,분식,국수/만두/칼국수,분식 및 김밥 전문점,소사본동,37.4773631702028,126.792465489287,분식국수/만두/칼국수분식 및 김밥 전문점,소사본동%20국수와사랑에빠진날,https://m.place.naver.com/restaurant/1640043847,경기 부천시 호현로 443
족발야시장,한식,족발/보쌈전문,한식 음식점업,소사본동,37.4754451585627,126.79877098426,한식족발/보쌈전문한식 음식점업,소사본동%20족발야시장,https://m.place.naver.com/restaurant/1356073284,경기 부천시 은성로67번길 12 1층 104호
강촌숯불닭광장,닭/오리요리,불닭전문,한식 음식점업,소사본동,37.4775808615708,126.795254559409,닭/오리요리불닭전문한식 음식점업,소사본동%20강촌숯불닭광장,https://m.place.naver.com/restaurant/1700273285,경기 부천시 소사로 215
아찔한국물떡볶이,분식,떡볶이전문,분식 및 김밥 전문점,소사본동,37.4738510499597,126.795303128974,분식떡볶이전문분식 및 김밥 전문점,소사본동%20아찔한국물떡볶이,https://m.place.naver.com/restaurant/1877276911,경기 부천시 소사로 175
커피에반하다,커피점/카페,커피전문점/카페/다방,비알콜 음료점업,소사본동,37.4804312806207,126.798216295518,커피점/카페커피전문점/카페/다방비알콜 음료점업,소사본동%20커피에반하다,https://m.place.naver.com/restaurant/1573534844,경기 부천시 부흥로 471-3
장금이분식,분식,라면김밥분식,분식 및 김밥 전문점,소사본동,37.4726105580656,126.79647617259,분식라면김밥분식분식 및 김밥 전문점,소사본동%20장금이분식,https://m.place.naver.com/restaurant/1277634716,경기 부천시 신흥로73번길 60
명랑시대쌀핫도그,패스트푸드,핫도그,"피자, 햄버거, 샌드위치 및 유사 음식점업",소사본동,37.4719685398419,126.803348678275,"패스트푸드핫도그피자, 햄버거, 샌드위치 및 유사 음식점업",소사본동%20명랑시대쌀핫도그,https://m.place.naver.com/restaurant/544052886,경기 부천시 호현로489번길 25
제육대가,한식,한식/백반/한정식,한식 음식점업,소사본동,37.4732649860734,126.796149129552,한식한식/백반/한정식한식 음식점업,소사본동%20제육대가,https://m.place.naver.com/restaurant/1411771361,경기 부천시 소사로170번길 12 1층 일부호
꼬꼬댁,닭/오리요리,후라이드/양념치킨,치킨 전문점,소사본동,37.4701722715909,126.795938721739,닭/오리요리후라이드/양념치킨치킨 전문점,소사본동%20꼬꼬댁,https://m.place.naver.com/restaurant/1260923246,경기 부천시 소사로 133 동보빌라
명동찌개마을,한식,한식/백반/한정식,한식 음식점업,소사본동,37.4758423692137,126.795305080353,한식한식/백반/한정식한식 음식점업,소사본동%20명동찌개마을,https://m.place.naver.com/restaurant/1916138332,경기 부천시 소사로 195-1
순살만공격,닭/오리요리,후라이드/양념치킨,치킨 전문점,소사본동,37.4756940340476,126.801095972016,닭/오리요리후라이드/양념치킨치킨 전문점,소사본동%20순살만공격,https://m.place.naver.com/restaurant/1294284515,경기 부천시 소안로 10
복사골전집,한식,파전전문,한식 음식점업,소사본동,37.4745735895091,126.799011045014,한식파전전문한식 음식점업,소사본동%20복사골전집,https://m.place.naver.com/restaurant/1206745222,경기 부천시 은성로76번길 14
라화쿵부,중식,중국음식/중국집,중식 음식점업,소사본동,37.4818210660789,126.794892505889,중식중국음식/중국집중식 음식점업,소사본동%20라화쿵부,https://m.place.naver.com/restaurant/1023809877,경기 부천시 경인옛로 25 103동 B121
스시희,일식/수산물,음식점-초밥전문,일식 음식점업,소사본동,37.4690505361037,126.800817729102,일식/수산물음식점-초밥전문일식 음식점업,소사본동%20스시희,https://m.place.naver.com/restaurant/1237335627,경기 부천시 소사로102번길 59
아이스365,패스트푸드,아이스크림판매,제과점업,소사본동,37.4818210660789,126.794892505889,패스트푸드아이스크림판매제과점업,소사본동%20아이스365,https://m.place.naver.com/restaurant/1847907048,경기 부천시 경인옛로 25
소새울양과점,제과제빵떡케익,제과점,제과점업,소사본동,37.4810414551166,126.794430155209,제과제빵떡케익제과점제과점업,소사본동%20소새울양과점,https://m.place.naver.com/restaurant/1868045593,경기 부천시 경인옛로 22 101호 소새울 양과점
부자돌솥설렁탕,한식,설렁탕집,한식 음식점업,소사동,37.4857793335271,126.791628985058,한식설렁탕집한식 음식점업,소사동%20부자돌솥설렁탕,https://m.place.naver.com/restaurant/21159051,경기 부천시 부흥로 471-8
만나국수,한식,파전전문,한식 음식점업,소사동,37.4846229682351,126.793094909982,한식파전전문한식 음식점업,소사동%20만나국수,https://m.place.naver.com/restaurant/1372188310,경기 부천시 부일로571번길 13
마포갈매기소사역점,한식,갈비/삼겹살,한식 음식점업,소사동,37.4837063634135,126.794217730454,한식갈비/삼겹살한식 음식점업,소사동%20마포갈매기소사역점,https://m.place.naver.com/restaurant/1849780442,경기 부천시 소사로 287
본죽,별식/퓨전요리,죽전문점,한식 음식점업,소사동,37.4859069613211,126.791773923085,별식/퓨전요리죽전문점한식 음식점업,소사동%20본죽,https://m.place.naver.com/restaurant/34787392,경기 부천시 부일로571번길 49 2층
돈토랑나랑,한식,보리밥전문,한식 음식점업,소사동,37.4865308582374,126.790226080348,한식보리밥전문한식 음식점업,소사동%20돈토랑나랑,https://m.place.naver.com/restaurant/38503803,경기 부천시 부흥로 459
부천성모장례식장,한식,한식/백반/한정식,한식 음식점업,소사동,37.4874874535625,126.793014902041,한식한식/백반/한정식한식 음식점업,소사동%20부천성모장례식장,https://m.place.naver.com/restaurant/21529993,경기 부천시 소사로 327
충남방앗간,제과제빵떡케익,제과점,제과점업,소사동,37.4849572217197,126.793179989251,제과제빵떡케익제과점제과점업,소사동%20충남방앗간,https://m.place.naver.com/restaurant/1043041864,경기 부천시 부일로571번길 20
크로바커피숍,커피점/카페,커피전문점/카페/다방,비알콜 음료점업,소사동,37.4859656130066,126.790461340322,커피점/카페커피전문점/카페/다방비알콜 음료점업,소사동%20크로바커피숍,https://m.place.naver.com/restaurant/21145391,경기 부천시 부흥로 466
집밥권선생,한식,한식/백반/한정식,한식 음식점업,소사동,37.4848265867757,126.791859165268,한식한식/백반/한정식한식 음식점업,소사동%20집밥권선생,https://m.place.naver.com/restaurant/1925161363,경기 부천시 부일로 565-1
동대문엽기떡볶이범박점,분식,떡볶이전문,분식 및 김밥 전문점,괴안동,37.4746878713929,126.803169653432,분식떡볶이전문분식 및 김밥 전문점,괴안동%20동대문엽기떡볶이범박점,https://m.place.naver.com/restaurant/35927824,경기 부천시 은성로 111 1층
신정상회,닭/오리요리,오리고기전문,한식 음식점업,괴안동,37.4826181421088,126.808628689307,닭/오리요리오리고기전문한식 음식점업,괴안동%20신정상회,https://m.place.naver.com/restaurant/1089637756,경기 부천시 소삼로 11
파리바게뜨,제과제빵떡케익,제과점,제과점업,괴안동,37.4793365900098,126.806668282063,제과제빵떡케익제과점제과점업,괴안동%20파리바게뜨,https://m.place.naver.com/restaurant/19261450,경기 부천시 경인로 509 우남타워 1층 104호
촌가추어탕,한식,한식/백반/한정식,한식 음식점업,괴안동,37.4741425909136,126.804489782099,한식한식/백반/한정식한식 음식점업,괴안동%20촌가추어탕,https://m.place.naver.com/restaurant/12862831,경기 부천시 소사동로 91-1
BBQ치킨,유흥주점,호프/맥주,기타 주점업,괴안동,37.4768506939119,126.807657506866,유흥주점호프/맥주기타 주점업,괴안동%20BBQ치킨,https://m.place.naver.com/restaurant/11799018,null
복사골포차,유흥주점,호프/맥주,기타 주점업,괴안동,37.4778560356652,126.809959267251,유흥주점호프/맥주기타 주점업,괴안동%20복사골포차,https://m.place.naver.com/restaurant/1518261131,경기 부천시 범안로 54
경기부천소사지역자활센터음식점,한식,한식/백반/한정식,한식 음식점업,괴안동,37.4832396464344,126.808607513337,한식한식/백반/한정식한식 음식점업,괴안동%20경기부천소사지역자활센터음식점,https://m.place.naver.com/restaurant/1614166319,경기 부천시 소사로 456 원미도서관 지하1층
까페러브,커피점/카페,커피전문점/카페/다방,비알콜 음료점업,괴안동,37.4768998449134,126.808063737474,커피점/카페커피전문점/카페/다방비알콜 음료점업,괴안동%20까페러브,https://m.place.naver.com/restaurant/35623918,경기 부천시 양지로 20
바지락칼국수수제비,분식,국수/만두/칼국수,분식 및 김밥 전문점,괴안동,37.4806208311215,126.8044657156,분식국수/만두/칼국수분식 및 김밥 전문점,괴안동%20바지락칼국수수제비,https://m.place.naver.com/restaurant/1111814208,경기 부천시 경인옛로 123-1
두리마루,닭/오리요리,오리고기전문,한식 음식점업,괴안동,37.4797912893536,126.803517896653,닭/오리요리오리고기전문한식 음식점업,괴안동%20두리마루,https://m.place.naver.com/restaurant/30982361,경기 부천시 범안로22번길 56
피자마루,패스트푸드,피자전문,"피자, 햄버거, 샌드위치 및 유사 음식점업",괴안동,37.48252029162,126.806968154685,"패스트푸드피자전문피자, 햄버거, 샌드위치 및 유사 음식점업",괴안동%20피자마루,https://m.place.naver.com/restaurant/33409604,경기 부천시 부광로8번길 39
페리카나,닭/오리요리,후라이드/양념치킨,치킨 전문점,괴안동,37.4816253996941,126.804901972293,닭/오리요리후라이드/양념치킨치킨 전문점,괴안동%20페리카나,https://m.place.naver.com/restaurant/37687043,경기 부천시 부광로8번길 39
뚜레쥬르,제과제빵떡케익,제과점,제과점업,괴안동,37.4789701909079,126.806968069891,제과제빵떡케익제과점제과점업,괴안동%20뚜레쥬르,https://m.place.naver.com/restaurant/1178871038,경기 부천시 경인로 517
참치#,일식/수산물,참치전문점,일식 음식점업,괴안동,37.4789102098448,126.807274290373,일식/수산물참치전문점일식 음식점업,괴안동%20참치#,https://m.place.naver.com/restaurant/1541353164,경기 부천시 범안로 55 홈타운프라자 1층 114호
이모네족발,한식,족발/보쌈전문,한식 음식점업,괴안동,37.4769512551669,126.802455203617,한식족발/보쌈전문한식 음식점업,괴안동%20이모네족발,https://m.place.naver.com/restaurant/20655657,경기 부천시 소사로159번길 17
낙원떡방앗간,제과제빵떡케익,제과점,제과점업,괴안동,37.4792911877491,126.805741892816,제과제빵떡케익제과점제과점업,괴안동%20낙원떡방앗간,https://m.place.naver.com/restaurant/19353155,경기 부천시 경인옛로118번길 33 1층 상가
맛나김밥,분식,라면김밥분식,분식 및 김밥 전문점,괴안동,37.4797945465785,126.805620818273,분식라면김밥분식분식 및 김밥 전문점,괴안동%20맛나김밥,https://m.place.naver.com/restaurant/1325074976,경기 부천시 경인옛로118번길 27
처갓집양념치킨,닭/오리요리,후라이드/양념치킨,치킨 전문점,괴안동,37.4790292662784,126.807464603303,닭/오리요리후라이드/양념치킨치킨 전문점,괴안동%20처갓집양념치킨,https://m.place.naver.com/restaurant/31629654,경기 부천시 안곡로 46
"괴안,범박굽네치킨",닭/오리요리,후라이드/양념치킨,치킨 전문점,괴안동,37.4754378777422,126.806945086429,닭/오리요리후라이드/양념치킨치킨 전문점,"괴안동%20괴안,범박굽네치킨",https://m.place.naver.com/restaurant/13146391,경기 부천시 은성로117번길 8 1층
멕시카나,닭/오리요리,후라이드/양념치킨,치킨 전문점,괴안동,37.4807917974614,126.80533358892,닭/오리요리후라이드/양념치킨치킨 전문점,괴안동%20멕시카나,https://m.place.naver.com/restaurant/11693221,경기 부천시 부광로 30
싱싱수산,일식/수산물,음식점-일식,일식 음식점업,괴안동,37.4797945465785,126.805620818273,일식/수산물음식점-일식일식 음식점업,괴안동%20싱싱수산,https://m.place.naver.com/restaurant/1445226341,경기 부천시 안곡로30번길 7
피자스쿨,패스트푸드,피자전문,"피자, 햄버거, 샌드위치 및 유사 음식점업",괴안동,37.4744025614773,126.803468146227,"패스트푸드피자전문피자, 햄버거, 샌드위치 및 유사 음식점업",괴안동%20피자스쿨,https://m.place.naver.com/restaurant/31627897,경기 부천시 은성로 115
제일감자탕,한식,한식/백반/한정식,한식 음식점업,괴안동,37.4827867997768,126.809270496769,한식한식/백반/한정식한식 음식점업,괴안동%20제일감자탕,https://m.place.naver.com/restaurant/1968827008,경기 부천시 경인로497번길 13
이모네족발,한식,족발/보쌈전문,한식 음식점업,괴안동,37.4768506939119,126.807657506866,한식족발/보쌈전문한식 음식점업,괴안동%20이모네족발,https://m.place.naver.com/restaurant/20655657,경기 부천시 소사로159번길 17
돈앤밥스,양식,돈가스전문점,서양식 음식점업,괴안동,37.4745096386535,126.80336468946,양식돈가스전문점서양식 음식점업,괴안동%20돈앤밥스,https://m.place.naver.com/restaurant/1668396166,경기 부천시 은성로 113-1
윤피자,패스트푸드,피자전문,"피자, 햄버거, 샌드위치 및 유사 음식점업",괴안동,37.4768506939119,126.807657506866,"패스트푸드피자전문피자, 햄버거, 샌드위치 및 유사 음식점업",괴안동%20윤피자,https://m.place.naver.com/restaurant/586335983,경기 부천시 범안로 60 104호
커피에반하다,커피점/카페,커피전문점/카페/다방,비알콜 음료점업,괴안동,37.480460866444,126.80557629261,커피점/카페커피전문점/카페/다방비알콜 음료점업,괴안동%20커피에반하다,https://m.place.naver.com/restaurant/1284146316,경기 부천시 범안로 10 109호
한마당식당,한식,한식/백반/한정식,한식 음식점업,괴안동,37.4793493105138,126.804361606118,한식한식/백반/한정식한식 음식점업,괴안동%20한마당식당,https://m.place.naver.com/restaurant/1137693195,경기 부천시 범안로8번길 19
영구스피자,패스트푸드,피자전문,"피자, 햄버거, 샌드위치 및 유사 음식점업",괴안동,37.4768998449134,126.808063737474,"패스트푸드피자전문피자, 햄버거, 샌드위치 및 유사 음식점업",괴안동%20영구스피자,https://m.place.naver.com/restaurant/38345043,경기 부천시 범안로 55 홈타운프라자 104호 영구스피자
바지락손칼국수,분식,라면김밥분식,분식 및 김밥 전문점,괴안동,37.4780752288297,126.807570213546,분식라면김밥분식분식 및 김밥 전문점,괴안동%20바지락손칼국수,https://m.place.naver.com/restaurant/37592268,경기 부천시 소사동로 119
신정상회,한식,한식/백반/한정식,한식 음식점업,괴안동,37.4828031084757,126.809100636418,한식한식/백반/한정식한식 음식점업,괴안동%20신정상회,https://m.place.naver.com/restaurant/1089637756,경기 부천시 소삼로 11
네네치킨,닭/오리요리,후라이드/양념치킨,치킨 전문점,괴안동,37.4742071404344,126.804635724932,닭/오리요리후라이드/양념치킨치킨 전문점,괴안동%20네네치킨,https://m.place.naver.com/restaurant/11779297,경기 부천시 소사동로 93
맛나,분식,라면김밥분식,분식 및 김밥 전문점,괴안동,37.4806208311215,126.8044657156,분식라면김밥분식분식 및 김밥 전문점,괴안동%20맛나,https://m.place.naver.com/restaurant/18914227,경기 부천시 경인옛로108번길 15
