상호명,업종중분류명,업종소분류명,표준산업분류명,행정동명,위도,경도,합친데이터,네이버키워드,naver_store_url,store_address,store_score,visitor_review
카페65도씨,커피점/카페,커피전문점/카페/다방,비알콜 음료점업,범박동,37.4698682060989,126.812188615467,커피점/카페커피전문점/카페/다방비알콜 음료점업,범박동%20카페65도씨,https://m.place.naver.com/restaurant/37459407,경기 부천시 양지남로 39,4.31,/분위기좋고 대화하기 좋아요/매장은 넓어 보여 분위기 좋을것같아 방문 청결상태 별로ㅠㅠ 직원분인지 사장님인지 모르겠으나 좀 무뚝뚝했다 매장에서 먹고가는데 일회용 컵에 커피 나온거에 좀더 실망스러웠다/굿굿/조용히 얘기하기 좋아요/맛있어요/좋아요./좋아요/직원분도 친절하시고 커피가 맛있어요 !!/아포카토 맛나요/굿
블럭앤카페,커피점/카페,커피전문점/카페/다방,비알콜 음료점업,범박동,37.4727226460909,126.807530900738,커피점/카페커피전문점/카페/다방비알콜 음료점업,범박동%20블럭앤카페,https://m.place.naver.com/restaurant/1262904745,경기 부천시 범안로96번길 23 4단지상가 3층,,/좋아요/가까워서 아이의 놀이터^^/사장님 좋으세요~/신나는슬라임 비즈랑 블럭놀이 신나요/행사할때 정액권한번씩 끊어놔요
한우세계,한식,갈비/삼겹살,한식 음식점업,범박동,37.4701589658587,126.80795599548,한식갈비/삼겹살한식 음식점업,범박동%20한우세계,https://m.place.naver.com/restaurant/31629816,경기 부천시 범안로 130-21,,/좋아요/좋아요/좋아요/국/고기가 맛있어요/좋아요/굿/굿/좋아요
마론,커피점/카페,커피전문점/카페/다방,비알콜 음료점업,범박동,37.4733626376413,126.812924687767,커피점/카페커피전문점/카페/다방비알콜 음료점업,범박동%20마론,https://m.place.naver.com/restaurant/37435543,경기 부천시 양지로 115 1층 카페마론,4.4,"/가격도 저렴하고 빵 맛있어요. 케익생크림도 안느끼하고 안달고 맛나고, 시나몬롤도 따뜻하게데워주셨는데 달달하니 커피랑 찰떡이네요. 다만 어르신 들조금 많아서 시끄러워요. 뒤에 교회때문인지/에그타르트 너무 맛있어요♡ 다른 디저트들도 먹고 싶었지만 너무 늦게가서 맛 볼 수 없어서 아쉬웠어요./라스트오더가 9시까지라해서 왔는데 매장이 9시까지였...급하게 먹고 가지만 멀리서 온 보람이 있을 정도로 맛있네요 우리애기도 너무 잘 먹고😍 시간 되면 또 들르고 싶네요! 담번엔 여유있게 와서 디테일하게 보고 가는거로😁 포장도 잘해주셔서 감사합니다!/크림치즈 베이글 , 버터 프레첼 최애에요 맛있어요/스콘 맛있어요 커피는 좀별루/시원~하이 달달~하이 너무좋습니다^~^!!!/빵이 맛있어요. 소보루페스트리~~특이하고 맛있네요/포장해서 집에서 먹었어요~ 딸기가 엄청 들어가 있어요 ㅎㅎㅎㅎ/커피도 맛있고 분위기도 좋고 편안해요/소보로와 따뜻한 커피 어울려요~~"
부어치킨,닭/오리요리,후라이드/양념치킨,치킨 전문점,범박동,37.4688264242315,126.806270153294,닭/오리요리후라이드/양념치킨치킨 전문점,범박동%20부어치킨,https://m.place.naver.com/restaurant/1654229456,경기 부천시 범안로219번길 19,4.69,"/제로웨이스트 실천해서 통을 가지고 가는데 감사하게도 흔쾌히 괜찮다고 해주셔서 전화로 주문하고 통가져간다고 하면 해주시더라구요. ^^ 치킨도 맛있지만 고구마튀김 감자튀김도 맛나요. 가게 사장님 사모님이 항상 친절하게 맞아주셔서 갈때마다 기분이 좋아집니다. ^^/용기 가져가서 받아 왔는데 흔쾌히 괜찮다고 해주셔서 감사해요. 다음에 주문할때 용기가져간다 말씀드리고 가기로 했습니다. 항상 친절하시고 서비스 도 잘해주시는거 같아요. 치킨을 사러가는데 기분이 좋아져서 돌아옵니다. 테이크아웃 할인도 되고 좋아요. 치킨 바삭하니 맛있었고 감자튀김도 👍/요기 치킨 맛있는데유? 매장작은데도 손님 바글바글 치맥하기 좋아요!!/치킨 포장해서 집에 와서 먹었어요. 할인도 되고 콜라랑 치킨무도 주셔서 좋아요! 바삭하고 따뜻하게 바로 먹으니 넘 맛있어요! 사장님이 친절하시고 좋아요 😄/항상 친절하고 항상 맛있어요. ^^/부어치킨이야 원래 유명한 브랜드지만, 여기는 정말 맛있습니다. 튀김옷이 정말 바삭한데 속은 반대로 촉촉하고 부드러워 말 그대로 겉바속촉입니다. 닭 염지도 잘 되어 있고 뼈 상태를 보면 늘 신선닭을 쓰는 것을 알 수 있습니다. 무엇보다 늘 친절하게 맞아주시는 사장님 내외에 매장 방문할 때마다 감동하게 됩니다. 맛과 친절을 동시에 갖춘 옥길점에 꼭 와보세요.^^/언제나 사장님 친절하고 메뉴도 맛있어요/갈때마다 기분 좋은 곳이예요. ^^/오랜만에 치맥했다. 사장님도 친절하시고, 맛쇼킹 치킨 맛이 대박, 너무 맛있어서 금방 먹어치웠다. 사장님 사업 대박나세요.^^/원래 크리스피 맛나는데 오늘은 순살이라 그런가 좀 퍽퍽했어요"
정담은보쌈,한식,족발/보쌈전문,한식 음식점업,범박동,37.4696242815002,126.812124646697,한식족발/보쌈전문한식 음식점업,범박동%20정담은보쌈,https://m.place.naver.com/restaurant/37453109,경기 부천시 양지남로 41,4.45,/모두 다 너무 맛있어요! 저 보쌈김치나 무말랭이 안 좋아하는데 여기 너무 맛있었어요 ㅎㅎ 보쌈 먹고 싶었는데 맛 없는게 없어서 너무 맛있게 잘 먹었 습니다 👍 완전 먹고 싶은거 상상하다가 딱 먹었는데 그 맛이 안나거나 맛이 부족하면 너무 아쉽잖아요ㅠㅠ 오늘 그게 아니라 대만족이었어요 오히려 먹고 싶어하길 잘했다하는 생각 ㅎㅎㅎ 보쌈 먹고 싶을때가면 후회 안할 것 같아요 ㅎㅎ 다음에 또 먹을거에요!!/점심특선으로 국수정식 저렴하게 먹고왔어요 국수엔 견과류도 많이 들고 보쌈 하고 같이 나오는 무말랭이와 김치도 맛있었습니다/포장해서 먹었는데 맛있게 먹었어요 김치 보쌈 정갈하게 담아주시고 맛도 좋아요! 서비스로 주신 콜라 잘 먹었습니다/언제 먹어도 맛있는 보쌈집입니다^^/고기도 촉촉하고 보쌈김치도 넘 맛있네요 ㅎㅎ/사장님 입담도 좋으시고 친절해요/굿/깔끔하고 맛있어요./강추/굴보쌈 지금 먹어야함 !!!
아구세상,일식/수산물,아구전문,한식 음식점업,범박동,37.4701766706146,126.812398526659,일식/수산물아구전문한식 음식점업,범박동%20아구세상,https://m.place.naver.com/restaurant/35726775,경기 부천시 양지남로 33-1,4.35,"/사장님이 추천한 대로 4명이 대구탕 소자, 아구찜 중자 주문했더니 남지 않을 정도로 충분히 먹을 수 있었어요. 탕과 찜의 조화는 정말 환상이었습니다. 적당히 매콤한 찜을 먹고 부드러운 탕을 곁들이니 여기 오길 잘했다는 생각만 들었어요./해물탕 국물이 시원한데 해물은 좀 빈약해요/해물찜 대 시켜서 가족4명에서 잘먹었어요 기본맛이 딱 맵지도 않고 적당하게 맛나영/아구찜이 너무 달아서, 목끝에서 달달함이 없어지질 않네요... 그래서 라면끓이고 있는중입니다./매콤하게 요청드렸는데 진짜 딱 맛있게 매콤!!맛있어요!!!/맛나용/너무 맛있게 잘 먹었어요^^ 사이드메뉴가 없는게 아쉬워요ㅜ 해물파전이나 낙지수제비 같은? 추가로 더 먹고싶은데 없어서 애매했어요/이 집 모든 메뉴가 맛있어요!/비오는날 뜨끈한 알탕좋아요/굿"
고봉민김밥인부천옥길점,분식,라면김밥분식,분식 및 김밥 전문점,범박동,37.4675351175665,126.822150862624,분식라면김밥분식분식 및 김밥 전문점,범박동%20고봉민김밥인부천옥길점,https://m.place.naver.com/restaurant/900646304,경기 부천시 옥길로 117,4.3,/참치김밥 야채김밥 맛있어요/매콤어묵김밥 맛있어요~~/새우김밥 맛있어요./고봉민의 쫄면은 상징적인건데. 심하게 불어터진데다 짜고.ㅠ 다신 안가고싶습니다.ㅠㅠ 최악.ㅠ/김밥이 맛있어서 좋네요./굿/굿/맛있는 점심/넘조아요 맛있어요/굿
계림원,닭/오리요리,후라이드/양념치킨,치킨 전문점,범박동,37.4689622435877,126.820692773489,닭/오리요리후라이드/양념치킨치킨 전문점,범박동%20계림원,https://m.place.naver.com/restaurant/38591132,경기 부천시 양지로176번길 8-12 1층 계림원,4.47,/불닭보다는 역시 기본이네요 ㅜㅜ/누릉지통닭과 삼계탕 맛있어요/친절하고 음식이 한결같이 맛있습니다./잘먹었습니당/굿/좋아요/좋아요/좋아요/굿/👍
전주콩나물국밥,한식,한식/백반/한정식,한식 음식점업,범박동,37.4693275514864,126.820280063275,한식한식/백반/한정식한식 음식점업,범박동%20전주콩나물국밥,https://m.place.naver.com/restaurant/41781108,경기 부천시 양지로166번길 3,4.4,/뜨끈한 콩나물국밥 좋아요/콩나물 맛집이었는데 콩나물비리내가 나네요/가성비 좋아요./자주가요 가격도 저렴하고 가볍게 먹기 좋아요/가격이 조금 올라서 아쉽다 매장에서 뚝배기로 먹는게 맛잇다 포장은 별로인듯/오랫만에 가도 맛있었어요/일요일 오전에 웨이팅 할 줄 몰랐네요. 맛도 가격도 좋은 콩나물국밥 최고~/김치콩나물 국밥 시원해요/황태콩나물해장국과 김치콩나물해장국 시원하니 맛나요/이른 아침밥 먹으러 가기 좋아요 콩나물 국밥에 고추 다대기 많이 넣어서 먹으면 꿀맛
헨젤,커피점/카페,커피전문점/카페/다방,비알콜 음료점업,범박동,37.4702003869115,126.81926021095,커피점/카페커피전문점/카페/다방비알콜 음료점업,범박동%20헨젤,https://m.place.naver.com/restaurant/782831457,경기 부천시 양지로152번길 3 1층 henjell,,/아이가 좋아했어요 ^^ 감사합니다
예당어죽닭발,별식/퓨전요리,죽전문점,한식 음식점업,범박동,37.4703677906749,126.812587686038,별식/퓨전요리죽전문점한식 음식점업,범박동%20예당어죽닭발,https://m.place.naver.com/restaurant/37187175,경기 부천시 양지남로 31 1층 예당어죽닭발,,/김치맛집이에요. 어죽 잘하는 집이에요./강 추천^^/맛있어요~/ㅇㅇ/좋아요/음식 맛있어요/좋아요/맛있어요/굿/양도 많고 얼큰하면서 좋아요 김치도 맛있어요
공간,커피점/카페,커피전문점/카페/다방,비알콜 음료점업,범박동,37.4696804330729,126.818624016269,커피점/카페커피전문점/카페/다방비알콜 음료점업,범박동%20공간,https://m.place.naver.com/restaurant/1330739200,경기 부천시 범안로 117 현대리치모아 506호,4.41,/굿/깨끗해요/좋아요/ㄹ/굿!/조용하고 분위기 좋아요/선생님 친절하시고 관리 잘되어 만족해요/좋아요/좋아요/좋아요^^
BHC치킨,닭/오리요리,후라이드/양념치킨,치킨 전문점,범박동,37.4677529115346,126.82230570854,닭/오리요리후라이드/양념치킨치킨 전문점,범박동%20BHC치킨,https://m.place.naver.com/restaurant/1416221622,경기 부천시 양지로67번길 34,4.46,/너무 맛있어요^^양도많고 신선해여 감사합니다/늘 핫뿌링클~~매우면서 땡기는맛~~ 시즈닝이 넉넉히 많아 넘 좋아여~^^/매장도 청결하고 맛도 😀/후라이드치킨 너무 맛있어요 치즈볼도 맛있어요^^/맛초킹 맛있어요/굿/좋아요/좋아요/자주 갑니다./굿
쥬시,커피점/카페,커피전문점/카페/다방,비알콜 음료점업,범박동,37.4675351175665,126.822150862624,커피점/카페커피전문점/카페/다방비알콜 음료점업,범박동%20쥬시,https://m.place.naver.com/restaurant/1185246997,경기 부천시 양지로184번길 29 116호,,/가성비 좋아요/점장님이 너무너무 친절하시구! 너무 맛있습니다! 가성비에 행복함까지 더 가져갔네요! 감사합니다!!/양 짱 많이 주시고 친절 번창하세요/맛있어요~!!과일이 너무 싱싱해요!^^/미숫가루 맛있네요/시원하고 아주 좋아요~!!/저렴하니 가성비 좋아요/음료가 너무 맛있고 친절하십니다 🙂/친절하고 너무맛나요
본죽,별식/퓨전요리,죽전문점,한식 음식점업,범박동,37.467753024189,126.822317011287,별식/퓨전요리죽전문점한식 음식점업,범박동%20본죽,https://m.place.naver.com/restaurant/1256987099,경기 부천시 범안로 118 신한은행365) 영플러스 101호,4.38,/체해서 아들램이 제대로 못먹었는데..낚지김치죽먹고 소고기야채죽도 먹고 잘먹으니 기특하네요^^ 역시 죽은 본죽입니다^^/죽 좋아해서 자주 가요/아플때 사먹는곳/가까워서 방문해요/맛있게 먹었어요/포장 해 와서 자주 먹고 있어요. 사장님도 친절하시고 모든 메뉴 다 맛있습니다. 강추해요/맛있습니다./사장님이 엄청 친절하세요/굿/좋아요
영양사가차려주는밥상,한식,한식/백반/한정식,한식 음식점업,범박동,37.4684562851609,126.821458131721,한식한식/백반/한정식한식 음식점업,범박동%20영양사가차려주는밥상,https://m.place.naver.com/restaurant/1802642578,경기 부천시 옥길로 116 문영퀸즈파크 A동 지하1층,4.31,/맛있어요/굿/Good/좋아요/음.. 종류가 생각했던것 만큼 다양하지 않음. 가성비는 글쎄요.. 맛도 그냥저냥.. 오삼불고기 인 듯 한데 냉동 오징어 사용.. 김x천x국 가서 사먹는게 나을 듯../굳/좋아요/푸짐해서 많이 먹거되네요 맛있고 깨끗해요 매뉴 고민스러울땐 아무생각없이 여기오면 딱이네요/😁/이전해서 처음가봤는데 깨끗하고 맛났어요 재방문 의사있습니다 굿
청년다방,커피점/카페,커피전문점/카페/다방,비알콜 음료점업,범박동,37.4673174360858,126.822007320274,커피점/카페커피전문점/카페/다방비알콜 음료점업,범박동%20청년다방,https://m.place.naver.com/restaurant/1605463968,경기 부천시 옥길로 113 상림프라자 102호,4.44,/차돌세트 푸짐해요.볶음밥도 맛있어요/오랜만에 방문해서 맛있게 먹고 갑니다~/매운 떡볶이 맛나요~/차돌떡볶이 맛있어요 :)/차돌세트 맛있어요./양도 많고 맛있어요/가격이… ㅠㅠ/맛있는곳 알바생 응대는 별로/좋아요/음식도맛있구 직원도 친절하고 넘좋아요
감탄떡볶이범박점,분식,떡볶이전문,분식 및 김밥 전문점,범박동,37.4712023995777,126.809567347043,분식떡볶이전문분식 및 김밥 전문점,범박동%20감탄떡볶이범박점,https://m.place.naver.com/restaurant/784508270,경기 부천시 범안로 117,4.42,/포장해먹기 좋음/매장 직원분도 친절하시고 양도 엄청 많고 맛있습니다/좋아요/굿/굿~ㅋ/굿/떡볶이 맛있음니다/굿/굿/굿
명인참치,일식/수산물,참치전문점,일식 음식점업,범박동,37.4726990381664,126.813240425213,일식/수산물참치전문점일식 음식점업,범박동%20명인참치,https://m.place.naver.com/restaurant/37038975,경기 부천시 양지로92번길 9-3 상정프라자 101호,4.32,/^^/맛있어요/신선하고 맛있어요👍👍👍👍👍짱/😃/^^/🤭/^^/^^/좋아요/맛있어요
범박식당,한식,한식/백반/한정식,한식 음식점업,범박동,37.4671348442594,126.811870125257,한식한식/백반/한정식한식 음식점업,범박동%20범박식당,https://m.place.naver.com/restaurant/36438461,경기 부천시 양지남로 49,4.45,"/역곡에서 자주가는 맛집. 가보면 왜 맛집이라 하는지 알 수 있습니다. 가성비 좋은 이탈리아 레스토랑이라 데이트코스나 가족모임 장소로 최고예요./완전 맛있어요!!! 빵을 까르보나라 소스에 찍어 먹으면 꿀맛!!/근처에 이렇게 맛있는 파스타집이 있는줄몰랐어요~ 가격도 좋고 맛도있어서 자주 올 듯하네요 :) 빠네 강추에요!!/여기 로제 빠네 엄청 맛있어요! 크림도 넉넉해서 빵 다 찍어 먹기 충분해요~~ 피자도 토핑 다양하게 먹을 수 있어 좋네요!/명란크림파스타에 명란이 많아요. 크림의 풍미와 잘 어울립니다. 알리오올리오 파스타도 깔끔하고 맛있습니다. 사장님이 친절하세요/맥주와 함께 즐길 수있는 파스타 맛있어요! 특히 칼칼한 불마녀 파스타 추천해요:)/초창기 범박동 카페거리 생길때부터 지금까지 쭉 자리를 지키고 있는 몇 안되는 식당 중 하나예요. 분위기 내고 싶을때가 아닌, 파스타를 후루룩 먹어버 리고 싶을때 먹기 좋은 곳 아닌가 싶어요. 배달 주문 했는데요~ 최소 주문이 5,000원 이상이면 된다니요😘😁😄 혼밥할때 딱 좋았습니다./오랫만에와서 맛있게,잘먹었어요 여전히,친절하세요~/메뉴가 많아서 좋아요. ^.^* 아이와 함께 오기도 좋아요. 저희는 리조또 시켰어요~ 근처에서 스파게티 먹으러 왔는데 분위기도 괜찮네요./파스타는 역시 빠네😘 맛있어요 양이 많아서 둘이 다 못 먹을 정도네요 히힛"
도미노피자부천옥길점,패스트푸드,피자전문,"피자, 햄버거, 샌드위치 및 유사 음식점업",범박동,37.4717534455927,126.816884316529,"패스트푸드피자전문피자, 햄버거, 샌드위치 및 유사 음식점업",범박동%20도미노피자부천옥길점,https://m.place.naver.com/restaurant/872571013,경기 부천시 양지로 125 예품빌딩 1층,4.36,"/씬피자 부담없고 맛있어요/친절하고 맛있어요/피자집중 내 입맛에 제일 잘맞는 도미노피자/부천페이가능, 도미노피자 굿/피자 맛있어요/어린이날 기념 방문 포장하면 50% 할인이래요~!! 참고하셔여|!/더욱번창하세요/넘 맛있고 친절하시네요!/도미노피자 체고..~/맛있어요 포장해가기 좋아요"
한라산도새기,한식,갈비/삼겹살,한식 음식점업,범박동,37.4721850284989,126.814096440567,한식갈비/삼겹살한식 음식점업,범박동%20한라산도새기,https://m.place.naver.com/restaurant/58353341,경기 부천시 양지로 102,4.41,"/고기도 청국장도 맛나요/일요일 점심에 아내와 방문하였습니다. 메뉴는 제주명품흑돼지오겹살 2인분, 계란찜, 공기밥을 주문하였습니다. 물통에 반찬 찌거기와 물티슈에 소스 같은 찐득한게 붙어 있었지만 그러려니 하였습니다. 고기는 양이 조금 부족해 보였지만(2인분 360g) 적당히 두툼해 아내가 좋아하기에 넘겼습니다. 문제는 계란찜이었는데 적당히 먹을만 했지만 계란찜 안에서 둥글고 다리가 많이 보이는 무언가가 누워있었습니다. 쥐며느리…종업원이 확인하.../제주도에 가지않고 제주고기 먹을수 있어서 좋았어요./오늘 같이 흐린 날에 생각나는 한라산 도새기 오겹살 역시 맛나용~~/좋아여/오랜만에 방문했네요. 맛있어요/주변고깃집에서 먹어본 고기중 최고에요.,, 그리고 비빔냉면 맛집 ㅠㅠ고기도 냉면도 다다다다다맛있어요ㅠㅠ앞으로삼겹살은 이곳으로!/냉면이 맛있어요/친절하고 맛있어요 역시소문대로네요/좋아요"
육대장,한식,한식/백반/한정식,한식 음식점업,범박동,37.4730613277981,126.813426886801,한식한식/백반/한정식한식 음식점업,범박동%20육대장,https://m.place.naver.com/restaurant/33758558,경기 부천시 양지로 93,4.3,"/육칼 맛있어요~/평소에자주가서 먹어요 한끼 배부르게먹었어요^^ 어른, 애들 같이 먹을수있어서좋아요/맛있는 육계장. 육대장/육칼 칼칼해서 맛있어요~~/국물이 찐하고 맛있어요/좋아요~/굿/ㅎ/육칼이 더 잘나오는 듯📌/딸이 면이 먹고싶다해서 면좀주면 안되냐니까 단호하게 안된다니 면추가도없고 기분상해서 다신안간다"
이강숯불갈비,한식,갈비/삼겹살,한식 음식점업,범박동,37.4744610858647,126.81194634488,한식갈비/삼겹살한식 음식점업,범박동%20이강숯불갈비,https://m.place.naver.com/restaurant/38711169,경기 부천시 양지로 69,4.19,/고기랑 반찬은 맛있었는데 된장찌개가 반찬만큼의 맛은 아니였어요 유난히 큰목소리로 술먹으며 대화하는 가족때메 시끄러워 좀 불편했어요/왕갈비하고 밑반찬이 맛있어요/고기가 맛있어요/갈비가 맛있어요/좋아요/왕갈비도 맛있고 반찬이 깔끔하고 맛있어요/ㅅ/맛있어요~/말이 필요없는집 그냥 가서 드세요 밑반찬에 우무가사리가 웬말이냐 사이드메뉴에 추가해주세요!! 1년 4계절 먹게!!!/간만에 외식~ 갈비 맛나게 잘 먹었어용~♡
죽이야기,별식/퓨전요리,죽전문점,한식 음식점업,범박동,37.4672485119523,126.821420571102,별식/퓨전요리죽전문점한식 음식점업,범박동%20죽이야기,https://m.place.naver.com/restaurant/12789908,경기 부천시 범안로 117 현대리치모아상가 126호,4.41,/언제 먹어도 맛있습니다. 죽 먹고 싶을때는 항상 여기서 먹고 있어요./맛있네요/굿굿/야채양이 아쉽네요../좋아요/좋아요/좋아요/좋아요/굿/너무 맛있고 친절하세요.
얌샘김밥,분식,라면김밥분식,분식 및 김밥 전문점,범박동,37.4626379553638,126.812698640049,분식라면김밥분식분식 및 김밥 전문점,범박동%20얌샘김밥,https://m.place.naver.com/restaurant/1232756989,경기 부천시 범안로 221,4.43,/김밥이 밥은 얇고 속은 꽉찬 김밥이어서 맛있어요! 돈까스랑 탕수육도 바삭해서 잘 먹었습니다~~/왜 포장인데..매번 젓가락이나 단무지등 하나도 안챙겨주고 달랑 음식만 넣는지 모르겠어요ㅡㅡ;;; 저번에는 포장해서 확인했는데 또 안 넣어서 손으로먹었는데 일일이 포장해갈때 마다 소비자가 직접 확인하고 달라고 해야하게 너무 불편해요. 귀찮거나 코스트 절감 때문이라면 그래도 손님한테 좀 물어보고 선택해서 할수있게 하지.. 포장에 모두 빼는지 이해가 안갑니다./친절하지는 않아요/맛있어요~/점심~/점심으로/적당한 가격..적당한 맛^^/항상 맛나게 먹어요 김밥이 맛있어요/좋아요/굿
홍루이젠,패스트푸드,샌드위치전문점,"피자, 햄버거, 샌드위치 및 유사 음식점업",범박동,37.4655747846638,126.827076332873,"패스트푸드샌드위치전문점피자, 햄버거, 샌드위치 및 유사 음식점업",범박동%20홍루이젠,https://m.place.naver.com/restaurant/1127590879,경기 부천시 양지남로 22 1층,4.51,/항상맛있네요/맛있어요/👍🏻/샌드위치 맛있어요/맛있어요 새로나온 신상도 좋네요/굿/좋아요/굿/맛나요./굿
이디야커피,커피점/카페,커피전문점/카페/다방,비알콜 음료점업,범박동,37.4626382960409,126.812732545861,커피점/카페커피전문점/카페/다방비알콜 음료점업,범박동%20이디야커피,https://m.place.naver.com/restaurant/33252921,경기 부천시 양지로67번길 26,,/자주 가는곳이에요/자주 이용하고 있어요! 굳굳/친절하세요 ㅋㅋ 글구 좀 넓고 조용해서 좋았어요 ㅋㅋ/좋아요/화장실도 안에 있어서 편해요~/맛있어요 조용하고 넓어요/굿/맛있고 친절해요^^/굿
코바코,양식,돈가스전문점,서양식 음식점업,범박동,37.4672485119523,126.821420571102,양식돈가스전문점서양식 음식점업,범박동%20코바코,https://m.place.naver.com/restaurant/1247295677,경기 부천시 양지로184번길 29,4.38,"/혼밥하기 좋고 김치찌개돈가스 칼칼하니 맛있었어요!/사장님 친절하시고 혼밥해도 좋은 곳이에요 맛도 좋아요/요기 맛있어요♡/근처 일 있어서 갔다가 방문 했는데 맛있네요 친절하고 맛나고 새우돈까스 정식 아이랑 둘이 먹었어요 10,000 원인데 넘 잘 나오네요 ^^/돈까스가 바삭바삭 맛있어서 종종 먹어용/양도 푸짐하고 맛도 풍부하고 맛있어요~/주차하기가 힘들어서 멀리 차대고 걸어가서 포장하는데 손님중에 아는 사람이 왔는지 계속 그쪽이랑 얘기만하고 다른 손님이 와도 아는척도 안하네요. ㅎㅎ 결국 테이블에 앉아 있던 손님이 눈치를 주고나서야 저에게 어서오세요 하네요. ㅎㅎ 매장도 좁아서 음식 나올 때 까지 밖에서 기다리는데 뻔히 밖에서 기다리는거 알면서도 이미 음식이 나왔음에도 나왔다는 말 한마디 안하고 기분이 좀 그렇더군요. 바쁜 점심시간도 아니고 손님도 한테이.../굿/좋아요"
옥길동커피,커피점/카페,커피전문점/카페/다방,비알콜 음료점업,범박동,37.4669179977131,126.823517071921,커피점/카페커피전문점/카페/다방비알콜 음료점업,범박동%20옥길동커피,https://m.place.naver.com/restaurant/387395309,경기 부천시 범안로 117,4.16,/건물 안쪽에 있어 창문뷰가 없어 아쉽지만 커피도 맛있고 친절한곳/좋아요/굿/굿/맛있어요~♡♡/굿/좋아요/분위기 좋고 친절하세요 ㅎㅎ/굿/맛있어요 샌드위치 쵝오
옥길동갈매기,한식,갈비/삼겹살,한식 음식점업,범박동,37.4679798269767,126.822471716806,한식갈비/삼겹살한식 음식점업,범박동%20옥길동갈매기,https://m.place.naver.com/restaurant/1654114240,경기 부천시 양지로171번길 29 1층,,"/갈매기살 가격이 저렴해서 부담 없습니다 맛도 양념이 잘 되어 있어서 괜찮아요, 직원분들도 친절하십니다/갈매기살이맛있어요 그리고맥주를 시원하게 해주니 조아요/괜찮아요/음식의 맛은 있었지만 서비스가 최악이에요. 저희가 시킨 음식이 옆 테이블에 갔다 오는 것까지는 바쁘셔서 그렇겠지~ 라며 기분 나빠하시는 부모님께 이해하라는 식으로 말했어요. 그런데 계산을 할 때 4인분을 시켰는데 5인분이라고 찍혀있고 먹지도 않은 음료수도 찍혀있었어요. 어머니께 얼마 안 나 왔네요~라고 하시더라고요? 4인분 시켰고 다른 고기 추가했다고 말씀드려도 아니라고 이것도 1인분 추가했다고 기분나쁘다는 식으로 갸우뚱거.../신선하고 맛나요! 고기도 냄새안나고 맛있어요!/ㆍ/G/밑반찬이 잘 나오고 가성비가 좋습니다 갈매기 전문이라서 갈매기살이 넘 부드럽고 맛있구 육회도 넘넘 맛있어요 육회가격도 넘 저렴하고 가격대비 맛이 짱짱입니다/깨끗하고 친절하며 맛도 좋아요/맛나요!"
커피에반하다,커피점/카페,커피전문점/카페/다방,비알콜 음료점업,범박동,37.468597723533,126.821184599758,커피점/카페커피전문점/카페/다방비알콜 음료점업,범박동%20커피에반하다,https://m.place.naver.com/restaurant/1525191265,경기 부천시 양지로184번길 8-14,4.42,/좋아요/가성비가좋아요/콜드브루는 커반이 진심최고에요! 여기서 먹으면 딴데꺼 맛없어서 못먹어요.ㅋㅋ 커반콜드브루 최고♡/굿/좋아요/친절해요!!!/좋아요/맛있어용/좋아요/좋아요
원할머니보쌈,한식,족발/보쌈전문,한식 음식점업,범박동,37.4698038772609,126.819255143309,한식족발/보쌈전문한식 음식점업,범박동%20원할머니보쌈,https://m.place.naver.com/restaurant/12928616,경기 부천시 부일로 732,4.42,/보쌈이 맛있어요./👍/ㅎㅎ/굿/좋아여/좋아요/좋아요/여자친구랑 한참 먹고 왔어요~/보통/.
토프레소,커피점/카페,커피전문점/카페/다방,비알콜 음료점업,범박동,37.4698399931171,126.809385467564,커피점/카페커피전문점/카페/다방비알콜 음료점업,범박동%20토프레소,https://m.place.naver.com/restaurant/1250249781,경기 부천시 양지로184번길 21 1층 토프레소 옥길점,4.74,/커피 맛나네요/이미 옥길동에 꽤 많은 분들이 단골이지요? 아인슈페너만 먹다가 아메리카노랑 카야토스트도 배달시켜 먹어봤는데 역시👍👍👍/제조시간이 오래걸려서 미리 전화드리고 가요~ 네이버 주문에 아인슈페너 L사이즈 주문도 있으면 좋겠습니다. 기분이 다운되는 날 이 곳 아인슈페너 를 먹으면 금새 충전됩니다. ^^/아인슈페너 맛집이라 할 수 있어요. 옥길동 카페에 있는 아인슈페너는 다 먹어봤는데 여기가 제일 맛있네요. 300원 추가하면 디카페인으로 변경도 돼 서 저녁에도 부담없이 즐기기 좋습니다./여기 아인슈페너 커피가 참 맛있어요/좋아요/커피 너무 맛있어요/굿/특별한 커피맛은 아니지만 오며가며 잘 마셨어요/조아요
테이크파이브,유흥주점,빠/카페/스탠드빠,일반유흥 주점업,범박동,37.4732739104564,126.813061755155,유흥주점빠/카페/스탠드빠일반유흥 주점업,범박동%20테이크파이브,https://m.place.naver.com/restaurant/35769982,경기 부천시 양지로67번길 42,4.62,/커피와 음료들의 맛이 기본적으로 우수하다. 인근에선 가장 높은 수준의 맛. 공간이 넓고 자리도 넉넉하다. 특색있는 테마 인테리어 장식들도 재미있다./분위기조아요/커피도 맛있고 사장님도 친절하셔요~/음료도 맛있지만 계란빵도 추천해요 :)/좋아요/좋아요/좋아요./ㆍ/조아용 자주와요 분위기 조음/분위기 조아용 매번 와용
Bhc치킨,닭/오리요리,후라이드/양념치킨,치킨 전문점,범박동,37.4712023995777,126.809567347043,닭/오리요리후라이드/양념치킨치킨 전문점,범박동%20Bhc치킨,https://m.place.naver.com/restaurant/1416221622,경기 부천시 양지로67번길 34,4.46,/너무 맛있어요^^양도많고 신선해여 감사합니다/늘 핫뿌링클~~매우면서 땡기는맛~~ 시즈닝이 넉넉히 많아 넘 좋아여~^^/매장도 청결하고 맛도 😀/후라이드치킨 너무 맛있어요 치즈볼도 맛있어요^^/맛초킹 맛있어요/굿/좋아요/좋아요/자주 갑니다./굿
이디아,기타음식업,고속도로휴게소,그외 기타 음식점업,범박동,37.4736904041381,126.812365539063,기타음식업고속도로휴게소그외 기타 음식점업,범박동%20이디아,https://m.place.naver.com/restaurant/33252921,경기 부천시 양지로67번길 26,,/자주 가는곳이에요/자주 이용하고 있어요! 굳굳/친절하세요 ㅋㅋ 글구 좀 넓고 조용해서 좋았어요 ㅋㅋ/좋아요/화장실도 안에 있어서 편해요~/맛있어요 조용하고 넓어요/굿/맛있고 친절해요^^/굿
베스킨라빈스부천범박점,패스트푸드,아이스크림판매,제과점업,범박동,37.475249946229,126.808858725198,패스트푸드아이스크림판매제과점업,범박동%20베스킨라빈스부천범박점,https://m.place.naver.com/restaurant/11783142,경기 부천시 범안로 77,4.42,/초콜릿 무스를 시켰는데 체리? 딸기? 맛이 나왔네용? 다른맛들은 제대로 나왔는데... 너무 늦은시간에 가서 피곤하셨나봐요.. 그래도 맛있어서 모두 만족했어요!!/어피치 맛있어여~~^^/친절하진 않아요/다른매장에 비해 큰 특징은 없습니다. 신메뉴 있어서 먹어봤는데 괜찮네요./굳/맛나고 위생적이고 포장 완전 잘되어서 배달 빠르고 모든 점에 만족합니다./매장은 작지만~여러가지맛 다 있구요 알바생들 ~~열씸이십니다/연유라떼 넘 맛있어요^^/굿
박지훈Restaurant,일식/수산물,음식점-일식,일식 음식점업,범박동,37.4705232151822,126.812811325728,일식/수산물음식점-일식일식 음식점업,범박동%20박지훈Restaurant,https://m.place.naver.com/restaurant/37941936,경기 부천시 양지남로23번길 8-12 1층,4.4,"/올해 음식값이 1,000원씩 인상되었다. 음식에 변화를 주고자 노력한 부분이 엿보인다. 미예약 시 오래 기다려야 함을 꼭 기억하세요.^^/일요일 점심시간에 자리는 여유가 있었어요. 음식은 무난한편입니다./자주 가는 집인데 이번엔 포장으로... 그런데 3인분 메밀2,우동1 주문했는데 집에 와보니 우동1이 빠졌네요. 그것땜에 다시 갈수도없고... 먹다만 느낌./맛있게 먹었어요/위생에 좀더 신경써주세요~~/좋아요/자주가는 곳이라 사진을 못찍었는데 가격대비 맛은 짱/좋아요/맛있어요/굿"
국수나무,분식,국수/만두/칼국수,분식 및 김밥 전문점,범박동,37.4712023995777,126.809567347043,분식국수/만두/칼국수분식 및 김밥 전문점,범박동%20국수나무,https://m.place.naver.com/restaurant/33213315,경기 부천시 범안로 117,4.4,/친절하고 맛있어요/굿/./굿/맛나요/가도가도 항상 맛있어요/돈가스가 젤 맛있네영/같은 국수나무 아니에요 이집이 맛있어요/맛있어요/좋아요
부자돌솥설렁탕,한식,설렁탕집,한식 음식점업,소사동,37.4857793335271,126.791628985058,한식설렁탕집한식 음식점업,소사동%20부자돌솥설렁탕,https://m.place.naver.com/restaurant/21159051,경기 부천시 부흥로 471-8,4.18,/맛있고 친절하셔요/왕갈비 짱이예요/도가니탕.돌솥밥 창/오늘은 김치가 셔서 맛없엇어요 ㅜ 항상 김치가 안시고 맛있었는데ㅡ/맛있졍 ^^/굿/굳/맛있어요/친절해요
만나국수,한식,파전전문,한식 음식점업,소사동,37.4846229682351,126.793094909982,한식파전전문한식 음식점업,소사동%20만나국수,https://m.place.naver.com/restaurant/1372188310,경기 부천시 부일로571번길 13,,/좋아요/조아요/조아요/맛있어여/좋아요
마포갈매기소사역점,한식,갈비/삼겹살,한식 음식점업,소사동,37.4837063634135,126.794217730454,한식갈비/삼겹살한식 음식점업,소사동%20마포갈매기소사역점,https://m.place.naver.com/restaurant/1849780442,경기 부천시 소사로 287,,
본죽,별식/퓨전요리,죽전문점,한식 음식점업,소사동,37.4859069613211,126.791773923085,별식/퓨전요리죽전문점한식 음식점업,소사동%20본죽,https://m.place.naver.com/restaurant/34787392,경기 부천시 부일로571번길 49 2층,4.29,/병원앞이여서 그럴 수도 있지만 죽 하나를 시켜도 자세히 설명해주시고 너무 친절하세요^^/사장님이 너무나 친절하고 음식도 진짜 깔끔해요.. 아플때마다 여기가서 주문하는데... 시간도 그렇게 오래안걸리는거 같아서 최고입니다/로로나로 인해 매장에선 식사가. 안되서 신짬뽕죽과 낙지김치죽을 사가지고와서 먹었다. 죽양도많고 깊고 풍부한 맛이 다음에도 또 기약해야겠다 사 장님이 매너도 있고 친절해서 나도 같이기분이 좋아지는것 같아졌다. 깜빡하고 사진을 찢지 못했네요. ㅠㅠ/요청사항 잘들어주셔서 좋았습니다 김가루도 따로주셔서 간맞추기 좋네요/굿/굿/친절해요/굳/굿/맛있고 친절하심.. 1인매장식사는 전화로 예약 안됨
돈토랑나랑,한식,보리밥전문,한식 음식점업,소사동,37.4865308582374,126.790226080348,한식보리밥전문한식 음식점업,소사동%20돈토랑나랑,https://m.place.naver.com/restaurant/38503803,경기 부천시 부흥로 459,4.42,"/반찬 많이 나오고 다 맛있어요 와인삼겹살 정말 맛있어요 이거 먹고 다른가게가면 삼겹살 맛이 뭔가 부족한 듯한 느낌입니다 그래서 항상 삼겹살이 땡 기면 여기로 갑니다 사장님 오래오래 장사해주세요 :) 다만 주차할 곳이 주변에 없고 화장실은 좁아요 이런 부가적인 거 빼고는 다 좋습니다 추천이요 /쌈밥 맛집인데 왜 후기에 우렁쌈밥사진이 없나해서 오늘 갔다가 맛나게 찍어올립니댜~~~/오빠랑 와인삼겹살 4인분 클리어! 돈토랑 삼겹살은 비게도 부드럽고 고소함ㅠ 주말에 가려다 오늘 땡겨감ㅋㅋ 가격도 저렴하고 기본 반찬도 많이 나오 고 여긴 계란찜도 기본반찬에 포함임..밥시키면 된찌나오고 삼겹도 1인분에 12,000 (200g) 거기에 새송이 버섯도 같이나옴 다른곳가면 추가로 시켜야 할것들이 기본으로나옴;; 사장님 마인드가 좋으신듯 질도 좋고 맛도 좋고 ㅠ ㅠ사장님 이맛 변치 말아주세용/조아요/./굿/맵다./여기 맛있어요/회식은 돈토랑이죠/가성비 갑 맛집"
부천성모장례식장,한식,한식/백반/한정식,한식 음식점업,소사동,37.4874874535625,126.793014902041,한식한식/백반/한정식한식 음식점업,소사동%20부천성모장례식장,https://m.place.naver.com/restaurant/21529993,경기 부천시 소사로 327,4.37,/좋아요/굿/굿/주차가 편리해요/보통/네/주차장 어려워/시설이 깔끔합니다/친절해요/.
충남방앗간,제과제빵떡케익,제과점,제과점업,소사동,37.4849572217197,126.793179989251,제과제빵떡케익제과점제과점업,소사동%20충남방앗간,https://m.place.naver.com/restaurant/1043041864,경기 부천시 부일로571번길 20,4.44,/좋아요/좋아요/굿/굿/굳~/좋아요/좋아요/좋아유/좋아요/😀
크로바커피숍,커피점/카페,커피전문점/카페/다방,비알콜 음료점업,소사동,37.4859656130066,126.790461340322,커피점/카페커피전문점/카페/다방비알콜 음료점업,소사동%20크로바커피숍,https://m.place.naver.com/restaurant/21145391,경기 부천시 부흥로 466,,
집밥권선생,한식,한식/백반/한정식,한식 음식점업,소사동,37.4848265867757,126.791859165268,한식한식/백반/한정식한식 음식점업,소사동%20집밥권선생,https://m.place.naver.com/restaurant/1925161363,경기 부천시 부일로 565-1,4.56,/추가 밥과 숭늉 무료 제공에 다 맛있고 신선해요/백반 맛집! 백반인데 한정식집같은 깔끔한맛.저가격에 반찬도 10가지가 넘고 밥도 인수대로 시키면 무한리필.후식으로 누룽지도 있고 추가로 밥도 더 말아 먹음 매일 바꾸는 반찬에 맛도 짱.사장님 친절도 짱.계산하고 나오면서 원두커피도 한잔~ㅎㅎ/매번 먹지만 깔끔한 맛에 감동입니다 집밥이라는 말이 잘 어울리는 집입니다 수저 받침까지 신경 써 주시는 섬세함/언제나 맛있어요/메인으로 시킨 제육볶음은 잡냄새도 안나고 양도 엄청 많이 나와요! 백반을 따로 시키지않고 제육만 시켜도 반찬도 많이 나오고 반찬이 다 신선하고 간 도 딱 맞고 너무 맛있었어요! 가성비 너무 좋았습니당 제 인생밥집이에요 흑흑 사장님 두분도 너무 친절하시고 다음엔 저녁에 방문해서 삼겹살에 소주 마셔야겠어요:)/계란찜도 나와요~굿/반찬깔끔하고 가격도 착한 백반입니다.오랜만에 백반 맛있게 먹었어요/조아요/맛있어여
동대문엽기떡볶이범박점,분식,떡볶이전문,분식 및 김밥 전문점,괴안동,37.4746878713929,126.803169653432,분식떡볶이전문분식 및 김밥 전문점,괴안동%20동대문엽기떡볶이범박점,https://m.place.naver.com/restaurant/35927824,경기 부천시 은성로 111 1층,4.37,/중독되는맛 어쩔수 없나봐요/배달비도 저렴하고 맛있어요/매운맛 좋아하는분 최고예요/로제 떡볶이 맵지도 않고 아이들 먹기에 딱 좋은거 같아요/동대문엽기떡볶이 부천범박점 맛나요/착한맛이였는데도 매웠지만 맛있게 잘 먹었습니다/로제 중국당면 넣어먹어야제맛/음식이 맛있어요/항상 맛있어요!
신정상회,닭/오리요리,오리고기전문,한식 음식점업,괴안동,37.4826181421088,126.808628689307,닭/오리요리오리고기전문한식 음식점업,괴안동%20신정상회,https://m.place.naver.com/restaurant/1089637756,경기 부천시 소삼로 11,4.22,/굿/ㅅ/친절해요/좋아요/좋아요/좋아요/좋아요/좋아요/친절하십니다^^/TV에도 나온 집이라해서 사봤어요.. 가격 맛 맘에 들어요
파리바게뜨,제과제빵떡케익,제과점,제과점업,괴안동,37.4793365900098,126.806668282063,제과제빵떡케익제과점제과점업,괴안동%20파리바게뜨,https://m.place.naver.com/restaurant/19261450,경기 부천시 경인로 509 우남타워 1층 104호,4.35,/직원분들 왕친절하세요👏👏👏😍/집근처에 있어서 자주 가요/호밀빵 최고!! 건강으로 최고!!/케이준치킨샐러드 맛있어요! 일하시는 분들께서 친절하셔서 좋아요!/여러가지 맛있는 맛을 느낌/뀐아망이랑 뜯어먹는치즈식빵 맛있어요/직원분들 친절하시고 정리가 잘 되어있어서 빵들이 한눈에 다 들어와서 좋아요/자주가요 빵이 맛있어요/./종류가 다양해오
촌가추어탕,한식,한식/백반/한정식,한식 음식점업,괴안동,37.4741425909136,126.804489782099,한식한식/백반/한정식한식 음식점업,괴안동%20촌가추어탕,https://m.place.naver.com/restaurant/12862831,경기 부천시 소사동로 91-1,4.51,/포장되서 좋아요/좋아요/좋아요/좋아요/조아요/조아요/조아요/바람부는 추운 꽃샘추위에는 추어탕만큼 속을 든든하게 해주는건 없는것같다./에/오늘같은 변덕스러운 날씨에 먹으면 든든한 보양식이에요~강추
BBQ치킨,유흥주점,호프/맥주,기타 주점업,괴안동,37.4768506939119,126.807657506866,유흥주점호프/맥주기타 주점업,괴안동%20BBQ치킨,https://m.place.naver.com/restaurant/11799018,경기 부천시 범안로 54 그린홈프라자2층비비큐치킨,4.26,/후라이드는 황올닭이 쩨일 맛있어요ㅠㅠ/좋아요/굿/맛나요~^^/완전 별로였어요./큼직큼직맛있습니다/맛있어요/맛있고 매콤하고 좋아요/친절
복사골포차,유흥주점,호프/맥주,기타 주점업,괴안동,37.4778560356652,126.809959267251,유흥주점호프/맥주기타 주점업,괴안동%20복사골포차,https://m.place.naver.com/restaurant/1518261131,경기 부천시 범안로 54,4.22,/좋아요/음식이 좀 늦게 나오긴 했지만 맛있어요 닭똥집은 양이 좀 적습니당/굿/맛있어요/굳/해물듬뿍 파전 강추예요~~/친절하세요
경기부천소사지역자활센터음식점,한식,한식/백반/한정식,한식 음식점업,괴안동,37.4832396464344,126.808607513337,한식한식/백반/한정식한식 음식점업,괴안동%20경기부천소사지역자활센터음식점,https://m.place.naver.com/restaurant/1614166319,경기 부천시 소사로 456 원미도서관 지하1층,4.33,"/혼밥하기 좋아요 나름 괜춘/가성비는 좋은데 고구마라떼가 너무 달아요ㅠㅠ 앞으론 그냥 커피를,,,,/너무 맛있어요 또 갈게요/3년전에 만났던 원미도서관 식당.... 그가격 그대로, 그 추억 그대로 운영을 하셔서 좋았어요/너무 맛있고 오랜만에 급식 느낌 나서 좋았어요/좋아요/좋네요/굿/식사 가성비 좋아요"
까페러브,커피점/카페,커피전문점/카페/다방,비알콜 음료점업,괴안동,37.4768998449134,126.808063737474,커피점/카페커피전문점/카페/다방비알콜 음료점업,괴안동%20까페러브,https://m.place.naver.com/restaurant/35623918,경기 부천시 양지로 20,,
바지락칼국수수제비,분식,국수/만두/칼국수,분식 및 김밥 전문점,괴안동,37.4806208311215,126.8044657156,분식국수/만두/칼국수분식 및 김밥 전문점,괴안동%20바지락칼국수수제비,https://m.place.naver.com/restaurant/1111814208,경기 부천시 경인옛로 123-1,4.46,"/손수제비 먹고싶어서 검색해서 찾아왔습니다 겉절이가 진짜 맛있네요 잘먹었습니다/정말 맛있어요/국수 맛있어요/갓성비 칼국수,수제비집 바지락 양이 미쳤어용!!/바지락도 많이 들어있고 맛있어요. 국물이 매콤해요/굿/맛있어요/보리밥도 맛있고 김치도 맛있고 칼국수도 맛있죠 바지락이 참 많이 들어있어요/굿/백반집"
두리마루,닭/오리요리,오리고기전문,한식 음식점업,괴안동,37.4797912893536,126.803517896653,닭/오리요리오리고기전문한식 음식점업,괴안동%20두리마루,https://m.place.naver.com/restaurant/30982361,경기 부천시 범안로22번길 56,,
피자마루,패스트푸드,피자전문,"피자, 햄버거, 샌드위치 및 유사 음식점업",괴안동,37.48252029162,126.806968154685,"패스트푸드피자전문피자, 햄버거, 샌드위치 및 유사 음식점업",괴안동%20피자마루,https://m.place.naver.com/restaurant/33409604,경기 부천시 부광로8번길 39,4.34,/사장님이 친절하시고 맛있어요:)/굿/친절하고 맛있어요!/굿/굿/역시 피자맛집입니다 너무 맛있게 먹었어요!!/굿/좋아요/맛있어요/사장님 친절하시고 피자도 맛있어요.
페리카나,닭/오리요리,후라이드/양념치킨,치킨 전문점,괴안동,37.4816253996941,126.804901972293,닭/오리요리후라이드/양념치킨치킨 전문점,괴안동%20페리카나,https://m.place.naver.com/restaurant/37687043,경기 부천시 부광로8번길 39,4.49,/사장님 무척 친절 하시고 후라이드 치킨 맛집🥰😍🥰😍/기름이 깨끗해서 고소하고 맛있어요~/20년도 넘은 치킨맛집! 양념치킨 자극적이지않고 맛있어요~/굿/맛있어요/맛있어요/요즘 후라이드치킨이 매운곳들이 많아서 아이들과 먹을 수가 없는데 페리카나는 순하고 맛있어서 아이들과 먹기 좋아요/친킨은역시페리카나맛있다/그냥괜찮앙ㄹㄷ/Good
뚜레쥬르,제과제빵떡케익,제과점,제과점업,괴안동,37.4789701909079,126.806968069891,제과제빵떡케익제과점제과점업,괴안동%20뚜레쥬르,https://m.place.naver.com/restaurant/1178871038,경기 부천시 경인로 517,4.33,/메가...........빅싸이즈/친절하고 좋아요 :)/불고기 샐러드 맛있어요/일요일 낮 여직원분 완전친절하심 🍀🤗/스콘이랑 로쉐가 있어요 직원분들 친절하시고 빵 맛있어요/매장이 작아서 그런지 빵 종류가 많지 않아요ㅜㅜ/사진이 안올라가는데 샐러드의 반인 양상추가 상태가 너무 안좋아서 다 버림.. 돈아까움/간만에 매장에서 직접 굽는 머핀을 사러갔는데 안나온다는 슬픈 소식을 접했다ㅠ/샌드위치할인/밤에 갔더니 할인받아서 좋았어요 사장님 친절하세요 빵 자주 안 드시는 아빠가 아몬드크라상ㆍ베이비슈크림 빵 맛있게 드셔서 기뻤습니다 다음에 다 른 빵도 사러 갈게요
참치#,일식/수산물,참치전문점,일식 음식점업,괴안동,37.4789102098448,126.807274290373,일식/수산물참치전문점일식 음식점업,괴안동%20참치#,https://m.place.naver.com/restaurant/1541353164,경기 부천시 범안로 55 홈타운프라자 1층 114호,4.43,/가격대비 좋네요 또 생각날듯/./굿/가격좋고 맛있어요/좋아요/혼마세트45피스+초밥밥+새우튀김5피스 포장해서먹었어요. 45피스는 3인먹기 좋겠어요. 맛있고 좀 덜녹은채로 포장해주셨는데 좀 녹은후에 먹으니 입에서 살살 녹네요/굿/굳/참치가 해동이 덜 된건지 거의 얼음덩어리처럼 나오네요. 입안이 시려웠어요. 참치먹으녀와서 얼음만 먹은 느낌./사장님도 진짜 친절하시고 음식포장도 넉넉하게 깔끔하세 잘 해주세요!! 사진은 못찍었지만 ㅜㅜ 그리고 표고버섯장? 장아찌? 모르겠지만 진짜 참치랑 잘어울리고 별미에요👍👍👍
이모네족발,한식,족발/보쌈전문,한식 음식점업,괴안동,37.4769512551669,126.802455203617,한식족발/보쌈전문한식 음식점업,괴안동%20이모네족발,https://m.place.naver.com/restaurant/20655657,경기 부천시 소사로159번길 17,4.37,/ㅇㅏ..진짜 너무 아쉬워요ㅠㅠ 이모네족발은 맛있을땐 엄청 맛있고 어쩔땐 맛이 쏘쏘예요.대체 왜그럴까요...? 아는 언니네 집에서 첨 먹어봤는데 진짜 너~~~무 맛있어서 고기에서 넘 꼬소해서 우유맛이 날지경.. 이여서 상호 알아와서 종종 먹는 곳인데 ㅠㅠ 집근처 사는 친구가 맛있을땐 엄청 맛있고 맛 없을땐 진짜 별로라고하던 말이 생각나며 이제 무릎을 탁!쳤어여. 진짜 극과극이 너무 심한걸 이제 진심 느끼네요. 아쉽습니다. 쟁반국수 면 직접.../족발은 꼭 여기서 포장해다 먹어요! 막국수가 정말 맛있고 족발도 깔끔하게 맛있어요ㅎㅎ/맛나요/친절해요/막국수 맛있어요/굿/굿/사장님 친절하시고 족발도 맛있어요./맛있어요/00
낙원떡방앗간,제과제빵떡케익,제과점,제과점업,괴안동,37.4792911877491,126.805741892816,제과제빵떡케익제과점제과점업,괴안동%20낙원떡방앗간,https://m.place.naver.com/restaurant/19353155,경기 부천시 경인옛로118번길 33 1층 상가,4.22,/떡 맛있게 잘먹었습니다^^ 가래떡도 느무 맛나네요/굿굿/굿굿/굿/굿/좋아요/맛도 좋고 재료 질도 좋아요. 밤도 통조림 안 쓰고 직접 까서 하시더라구요. 친절하시기도 해서 다녀오면 마음도 푸근해집니다ㅎ/굿굿/떡 맛있어요/떡볶이떡으러 사먹었어요
맛나김밥,분식,라면김밥분식,분식 및 김밥 전문점,괴안동,37.4797945465785,126.805620818273,분식라면김밥분식분식 및 김밥 전문점,괴안동%20맛나김밥,https://m.place.naver.com/restaurant/1325074976,경기 부천시 경인옛로118번길 27,4.2,/ㅎㅎ/좋아요/좋아요/very good~~!/굿/맛있어요/굿/좋아요
처갓집양념치킨,닭/오리요리,후라이드/양념치킨,치킨 전문점,괴안동,37.4790292662784,126.807464603303,닭/오리요리후라이드/양념치킨치킨 전문점,괴안동%20처갓집양념치킨,https://m.place.naver.com/restaurant/31629654,경기 부천시 안곡로 46,4.32,"/후라이드치킨 바삭하고 맛있어요. 쬐끔만 덜짜면 훨씬 좋겠어요./첫만남에 홀딱 반했어요 넘나 맛난 거,.../처갓집 괴안점 최고예용/후라이드 굿 양념 보통/바삭하니 맛있어요/슈프림 너무 맛잇어요/좋아요/굳/슈프리양념치킨이 맛있어요/😁"
"괴안,범박굽네치킨",닭/오리요리,후라이드/양념치킨,치킨 전문점,괴안동,37.4754378777422,126.806945086429,닭/오리요리후라이드/양념치킨치킨 전문점,"괴안동%20괴안,범박굽네치킨",https://m.place.naver.com/restaurant/13146391,경기 부천시 은성로117번길 8 1층,4.34,/친절하시고 좋아요~/가계 찾기가 힘들어요/좋아요/맛나요 스윗/맛나요 순살 갈비맛 약이 ㅜㅜ 작아요/맛있어요/맛나요~^^/맛있어요/궁금해서 시켜봤는데..넘 맛있어요 운동하고 하나만 먹을려다가 다 먹어버렸어요..ㅠㅠ ..하... 괜히시켰나봐요 ㅠㅠ 소스는 왤케 찰떡인거야... 치킨이 너무 밉다..ㅠㅠ/굽네치킨 괴안범박점이 제일 맛있어요! 여기서 자주 시켜먹는데 사장님들이 정말 항상 친절하세요. 괴안범박점 추천합니다!! 사장님덜 적게 일하시고 부자되세요 감사합니다 ❤️
멕시카나,닭/오리요리,후라이드/양념치킨,치킨 전문점,괴안동,37.4807917974614,126.80533358892,닭/오리요리후라이드/양념치킨치킨 전문점,괴안동%20멕시카나,https://m.place.naver.com/restaurant/11693221,경기 부천시 부광로 30,4.46,"/친절하시고 맛있어요!/맛있어요:)/항상 맛있어요~! 식어도 맛있는 치킨입니당 ㅎㅎ/:)/굳/늘 빠르고 너무너무 맛있어요~~~~/처음부터 끝까지 맛나게 먹고 ㅋㅋㅋ/넘 맛있어요👍🏻/역시 양념치킨은 멕시카나에요! #역곡치킨 #역곡맛집 #멕시카나치킨/가끔 배달시켜먹지만 홀은 처음가봤어요ㅎㅎ 홀에 테이블은 2개밖에없어서 우리둘이 먹기엔 최고였구 저는 방문해서 먹는게 너무좋았어요 후라이드랑, 까르보 치킨도맛있었고 사장님도 친절하셨어요.7시반쯤가서 8시 반에 나와서ㅎㅎ더못먹는 아쉬움이있었지만 코로나끝나면 또한번 방문할께요!"
싱싱수산,일식/수산물,음식점-일식,일식 음식점업,괴안동,37.4797945465785,126.805620818273,일식/수산물음식점-일식일식 음식점업,괴안동%20싱싱수산,https://m.place.naver.com/restaurant/1445226341,경기 부천시 안곡로30번길 7,4.18,/굿/품질 좋아요/굿/굿/ㅣ/굿/ㅈㅇㅇ/굿/굿/좋아요
피자스쿨,패스트푸드,피자전문,"피자, 햄버거, 샌드위치 및 유사 음식점업",괴안동,37.4744025614773,126.803468146227,"패스트푸드피자전문피자, 햄버거, 샌드위치 및 유사 음식점업",괴안동%20피자스쿨,https://m.place.naver.com/restaurant/31627897,경기 부천시 은성로 115,4.4,/좋아요/./굿/굿/굿이야/굿/오랜만에 먹었는데 맛있게 먹었어요 ㅎㅎ 가성비 굿/!/맛있어요 ㅎㅎㅎ 먹고 또 먹게 되는 맛? ㅎㅎ 그리고 친절하셔요! 좋아요!!!!/포테이토 너무 맛있어요
제일감자탕,한식,한식/백반/한정식,한식 음식점업,괴안동,37.4827867997768,126.809270496769,한식한식/백반/한정식한식 음식점업,괴안동%20제일감자탕,https://m.place.naver.com/restaurant/1968827008,경기 부천시 경인로497번길 13,4.57,/사장님이 매우 친절해요 우리 할머니 같아요/너무 맛있었어요 친절하시고요 가끔씩 가고 싶은집이예요~~/맛있어요/친절하고 반찬이 진짜 맛나요
이모네족발,한식,족발/보쌈전문,한식 음식점업,괴안동,37.4768506939119,126.807657506866,한식족발/보쌈전문한식 음식점업,괴안동%20이모네족발,https://m.place.naver.com/restaurant/20655657,경기 부천시 소사로159번길 17,4.37,/ㅇㅏ..진짜 너무 아쉬워요ㅠㅠ 이모네족발은 맛있을땐 엄청 맛있고 어쩔땐 맛이 쏘쏘예요.대체 왜그럴까요...? 아는 언니네 집에서 첨 먹어봤는데 진짜 너~~~무 맛있어서 고기에서 넘 꼬소해서 우유맛이 날지경.. 이여서 상호 알아와서 종종 먹는 곳인데 ㅠㅠ 집근처 사는 친구가 맛있을땐 엄청 맛있고 맛 없을땐 진짜 별로라고하던 말이 생각나며 이제 무릎을 탁!쳤어여. 진짜 극과극이 너무 심한걸 이제 진심 느끼네요. 아쉽습니다. 쟁반국수 면 직접.../족발은 꼭 여기서 포장해다 먹어요! 막국수가 정말 맛있고 족발도 깔끔하게 맛있어요ㅎㅎ/맛나요/친절해요/막국수 맛있어요/굿/굿/사장님 친절하시고 족발도 맛있어요./맛있어요/00
돈앤밥스,양식,돈가스전문점,서양식 음식점업,괴안동,37.4745096386535,126.80336468946,양식돈가스전문점서양식 음식점업,괴안동%20돈앤밥스,https://m.place.naver.com/restaurant/1668396166,경기 부천시 은성로 113-1,4.45,/돈가스랑 새우튀김 맛잇어요/테이블이 끈적끈적한거 빼고 좋아요/새우튀김 맛잇어요/돈가스 존맛탱/돈가스 맛잇어요!/양도많고 맛있넹ㆍ/굿/그럭저럭 괜찮네요/맛있어요!/굿
윤피자,패스트푸드,피자전문,"피자, 햄버거, 샌드위치 및 유사 음식점업",괴안동,37.4768506939119,126.807657506866,"패스트푸드피자전문피자, 햄버거, 샌드위치 및 유사 음식점업",괴안동%20윤피자,https://m.place.naver.com/restaurant/586335983,경기 부천시 범안로 60 104호,4.51,/소사홧팅 4가지맛 골고루 있어서 맛있었습니다. 아이들이 불고기맛 좋아하네요./걍걍../좋아요/씨앗호떡 서비스까지 너무감사합니다/소사불패 항상 맛있습니다./괜찮아요/맛있어요!! 또시킬랭/존맛/좋아요/좋아요
커피에반하다,커피점/카페,커피전문점/카페/다방,비알콜 음료점업,괴안동,37.480460866444,126.80557629261,커피점/카페커피전문점/카페/다방비알콜 음료점업,괴안동%20커피에반하다,https://m.place.naver.com/restaurant/1284146316,경기 부천시 범안로 10 109호,4.29,/시끄러워요/굿/굿/좋아요/이어폰 꼽고 있다가 메뉴 주문도 제대로 안받고 불친절해요 주문이 잘못되서 말했더니 얘기 안했다고 따짐/굿/카피가맛있어요/굿
한마당식당,한식,한식/백반/한정식,한식 음식점업,괴안동,37.4793493105138,126.804361606118,한식한식/백반/한정식한식 음식점업,괴안동%20한마당식당,https://m.place.naver.com/restaurant/1137693195,경기 부천시 범안로8번길 19,4.73,/맛나백반집/좋아요/오천원백반굳/백반오천원/좋아요/백반맛집/가성비 완전 좋음/단골/가성비좋아요/백반맛집
영구스피자,패스트푸드,피자전문,"피자, 햄버거, 샌드위치 및 유사 음식점업",괴안동,37.4768998449134,126.808063737474,"패스트푸드피자전문피자, 햄버거, 샌드위치 및 유사 음식점업",괴안동%20영구스피자,https://m.place.naver.com/restaurant/38345043,경기 부천시 범안로 55 홈타운프라자 104호 영구스피자,4.4,"/맛있어요/피자 굿/영구스피자 굿/굿/가성비 좋고 , 맛도 괜찮네요 ~/좋아요/맛있어요^^/고구마가 징짜 맛잇네여/맛있어요"
바지락손칼국수,분식,라면김밥분식,분식 및 김밥 전문점,괴안동,37.4780752288297,126.807570213546,분식라면김밥분식분식 및 김밥 전문점,괴안동%20바지락손칼국수,https://m.place.naver.com/restaurant/37592268,경기 부천시 소사동로 119,4.2,/새악 팥죽 맛있게 먹었어요/바지락신선도가별로인지 국물이 별로ㅠ 팥 칼국수는 맛있어요/바지락 장난아니게 많아요 강추/맛나요/맛있는데 바지락의 양은 줄어든것 같아요~/굿/1년에 2~3번 정도 가는데 최근 평들이나 블로그 후기가 안 좋아서 고민하다가 갔는데 전 맛있어요/잘먹었습니다/좋아요/굳
신정상회,한식,한식/백반/한정식,한식 음식점업,괴안동,37.4828031084757,126.809100636418,한식한식/백반/한정식한식 음식점업,괴안동%20신정상회,https://m.place.naver.com/restaurant/1089637756,경기 부천시 소삼로 11,4.22,/굿/ㅅ/친절해요/좋아요/좋아요/좋아요/좋아요/좋아요/친절하십니다^^/TV에도 나온 집이라해서 사봤어요.. 가격 맛 맘에 들어요
네네치킨,닭/오리요리,후라이드/양념치킨,치킨 전문점,괴안동,37.4742071404344,126.804635724932,닭/오리요리후라이드/양념치킨치킨 전문점,괴안동%20네네치킨,https://m.place.naver.com/restaurant/11779297,경기 부천시 소사동로 93,4.39,/./맛나요!/네네치킨은 파닭이 진리인데 아이랑 같이 먹으려고 후라이드로 주문했어요. 염지가 쎄지않아 네살 아이 잘먹었습니다. 다만 크리스피라 먹을때 부스러 기 우스스 떨어진다는점 !! 그치만 또 이런맛으로 먹는거죠🤍 치킨무도 많이 시큼하지 않고 먹기 좋았습니다. 깐도리 아이스크림 서비스 ㅋㅋ 감사해용/굿 맛있어요~ 덜짭짤해서 애들간식으로 딱 아이스크림도 주시고 할인쿠폰 3천원쓰고 넘 쪼아요/좋아요/굿/굿/좋아요/아이들 간식으로 덜짜고 맛나요/좋아요
맛나,분식,라면김밥분식,분식 및 김밥 전문점,괴안동,37.4806208311215,126.8044657156,분식라면김밥분식분식 및 김밥 전문점,괴안동%20맛나,https://m.place.naver.com/restaurant/18914227,경기 부천시 경인옛로108번길 15,3.93,
