상호명,업종중분류명,업종소분류명,표준산업분류명,행정동명,위도,경도,합친데이터,네이버키워드,naver_store_url,store_address,store_score,visitor_comment
카페65도씨,커피점/카페,커피전문점/카페/다방,비알콜 음료점업,범박동,37.4698682060989,126.812188615467,커피점/카페커피전문점/카페/다방비알콜 음료점업,범박동%20카페65도씨,https://m.place.naver.com/restaurant/37459407,경기 부천시 양지남로 39,4.31,분위기좋고 대화하기 좋아요
블럭앤카페,커피점/카페,커피전문점/카페/다방,비알콜 음료점업,범박동,37.4727226460909,126.807530900738,커피점/카페커피전문점/카페/다방비알콜 음료점업,범박동%20블럭앤카페,https://m.place.naver.com/restaurant/1262904745,경기 부천시 범안로96번길 23 4단지상가 3층,,좋아요
한우세계,한식,갈비/삼겹살,한식 음식점업,범박동,37.4701589658587,126.80795599548,한식갈비/삼겹살한식 음식점업,범박동%20한우세계,https://m.place.naver.com/restaurant/31629816,경기 부천시 범안로 130-21,,좋아요
마론,커피점/카페,커피전문점/카페/다방,비알콜 음료점업,범박동,37.4733626376413,126.812924687767,커피점/카페커피전문점/카페/다방비알콜 음료점업,범박동%20마론,https://m.place.naver.com/restaurant/37435543,경기 부천시 양지로 115 1층 카페마론,4.4,"가격도 저렴하고 빵 맛있어요. 케익생크림도 안느끼하고 안달고 맛나고, 시나몬롤도 따뜻하게데워주셨는데 달달하니 커피랑 찰떡이네요. 다만 어르신 들조금 많아서 시끄러워요. 뒤에 교회때문인지"
부어치킨,닭/오리요리,후라이드/양념치킨,치킨 전문점,범박동,37.4688264242315,126.806270153294,닭/오리요리후라이드/양념치킨치킨 전문점,범박동%20부어치킨,https://m.place.naver.com/restaurant/1654229456,경기 부천시 범안로219번길 19,4.68,제로웨이스트 실천해서 통을 가지고 가는데 감사하게도 흔쾌히 괜찮다고 해주셔서 전화로 주문하고 통가져간다고 하면 해주시더라구요. ^^ 치킨도 맛있지만 고구마튀김 감자튀김도 맛나요. 가게 사장님 사모님이 항상 친절하게 맞아주셔서 갈때마다 기분이 좋아집니다. ^^
정담은보쌈,한식,족발/보쌈전문,한식 음식점업,범박동,37.4696242815002,126.812124646697,한식족발/보쌈전문한식 음식점업,범박동%20정담은보쌈,https://m.place.naver.com/restaurant/37453109,경기 부천시 양지남로 41,4.45,모두 다 너무 맛있어요! 저 보쌈김치나 무말랭이 안 좋아하는데 여기 너무 맛있었어요 ㅎㅎ 보쌈 먹고 싶었는데 맛 없는게 없어서 너무 맛있게 잘 먹었 습니다 👍 완전 먹고 싶은거 상상하다가 딱 먹었는데 그 맛이 안나거나 맛이 부족하면 너무 아쉽잖아요ㅠㅠ 오늘 그게 아니라 대만족이었어요 오히려 먹고 싶어하길 잘했다하는 생각 ㅎㅎㅎ 보쌈 먹고 싶을때가면 후회 안할 것 같아요 ㅎㅎ 다음에 또 먹을거에요!!
아구세상,일식/수산물,아구전문,한식 음식점업,범박동,37.4701766706146,126.812398526659,일식/수산물아구전문한식 음식점업,범박동%20아구세상,https://m.place.naver.com/restaurant/35726775,경기 부천시 양지남로 33-1,4.35,"사장님이 추천한 대로 4명이 대구탕 소자, 아구찜 중자 주문했더니 남지 않을 정도로 충분히 먹을 수 있었어요. 탕과 찜의 조화는 정말 환상이었습니다. 적당히 매콤한 찜을 먹고 부드러운 탕을 곁들이니 여기 오길 잘했다는 생각만 들었어요."
고봉민김밥인부천옥길점,분식,라면김밥분식,분식 및 김밥 전문점,범박동,37.4675351175665,126.822150862624,분식라면김밥분식분식 및 김밥 전문점,범박동%20고봉민김밥인부천옥길점,https://m.place.naver.com/restaurant/900646304,경기 부천시 옥길로 117,4.3,참치김밥 야채김밥 맛있어요
계림원,닭/오리요리,후라이드/양념치킨,치킨 전문점,범박동,37.4689622435877,126.820692773489,닭/오리요리후라이드/양념치킨치킨 전문점,범박동%20계림원,https://m.place.naver.com/restaurant/38591132,경기 부천시 양지로176번길 8-12 1층 계림원,4.47,불닭보다는 역시 기본이네요 ㅜㅜ
전주콩나물국밥,한식,한식/백반/한정식,한식 음식점업,범박동,37.4693275514864,126.820280063275,한식한식/백반/한정식한식 음식점업,범박동%20전주콩나물국밥,https://m.place.naver.com/restaurant/41781108,경기 부천시 양지로166번길 3,4.4,뜨끈한 콩나물국밥 좋아요
헨젤,커피점/카페,커피전문점/카페/다방,비알콜 음료점업,범박동,37.4702003869115,126.81926021095,커피점/카페커피전문점/카페/다방비알콜 음료점업,범박동%20헨젤,https://m.place.naver.com/restaurant/782831457,경기 부천시 양지로152번길 3 1층 henjell,,아이가 좋아했어요 ^^ 감사합니다
예당어죽닭발,별식/퓨전요리,죽전문점,한식 음식점업,범박동,37.4703677906749,126.812587686038,별식/퓨전요리죽전문점한식 음식점업,범박동%20예당어죽닭발,https://m.place.naver.com/restaurant/37187175,경기 부천시 양지남로 31 1층 예당어죽닭발,,김치맛집이에요. 어죽 잘하는 집이에요.
공간,커피점/카페,커피전문점/카페/다방,비알콜 음료점업,범박동,37.4696804330729,126.818624016269,커피점/카페커피전문점/카페/다방비알콜 음료점업,범박동%20공간,https://m.place.naver.com/restaurant/1330739200,경기 부천시 범안로 117 현대리치모아 506호,4.41,굿
BHC치킨,닭/오리요리,후라이드/양념치킨,치킨 전문점,범박동,37.4677529115346,126.82230570854,닭/오리요리후라이드/양념치킨치킨 전문점,범박동%20BHC치킨,https://m.place.naver.com/restaurant/1416221622,경기 부천시 양지로67번길 34,4.46,늘 핫뿌링클~~매우면서 땡기는맛~~ 시즈닝이 넉넉히 많아 넘 좋아여~^^
쥬시,커피점/카페,커피전문점/카페/다방,비알콜 음료점업,범박동,37.4675351175665,126.822150862624,커피점/카페커피전문점/카페/다방비알콜 음료점업,범박동%20쥬시,https://m.place.naver.com/restaurant/1075814087,경기 부천시 소사동로 82 1층,4.42,사장님 꼭 읽어주셨으면 좋겠습니다. 복숭아랑 수박 주스를 19:36분에 시켰고 20:01분에 수박주스만 받았습니다. 저희 주문하고 남고생들이 떡꼬치 4 개를 시켰는데 2개가 저희꺼보다 먼저 나오더라고요. 그리고 저희 수박주스를 블랜더에 가시고 동작이 완료됐는데 떡꼬치를 튀기러 가셨습니다. 저희 음료는 두명분의 떡꼬치가 나올 때 까지 믹서기에 담겨있다가 떡꼬치가 나온 후 서빙되었습니다. 얼음은 다 녹아있고 쥬시 특유의 신선한 느낌도...
본죽,별식/퓨전요리,죽전문점,한식 음식점업,범박동,37.467753024189,126.822317011287,별식/퓨전요리죽전문점한식 음식점업,범박동%20본죽,https://m.place.naver.com/restaurant/1256987099,경기 부천시 범안로 118 신한은행365) 영플러스 101호,4.38,체해서 아들램이 제대로 못먹었는데..낚지김치죽먹고 소고기야채죽도 먹고 잘먹으니 기특하네요^^ 역시 죽은 본죽입니다^^
영양사가차려주는밥상,한식,한식/백반/한정식,한식 음식점업,범박동,37.4684562851609,126.821458131721,한식한식/백반/한정식한식 음식점업,범박동%20영양사가차려주는밥상,https://m.place.naver.com/restaurant/1802642578,경기 부천시 옥길로 116 문영퀸즈파크 A동 지하1층,4.31,Good
청년다방,커피점/카페,커피전문점/카페/다방,비알콜 음료점업,범박동,37.4673174360858,126.822007320274,커피점/카페커피전문점/카페/다방비알콜 음료점업,범박동%20청년다방,https://m.place.naver.com/restaurant/1605463968,경기 부천시 옥길로 113 상림프라자 102호,4.44,차돌세트 푸짐해요.볶음밥도 맛있어요
감탄떡볶이범박점,분식,떡볶이전문,분식 및 김밥 전문점,범박동,37.4712023995777,126.809567347043,분식떡볶이전문분식 및 김밥 전문점,범박동%20감탄떡볶이범박점,https://m.place.naver.com/restaurant/784508270,경기 부천시 범안로 117,4.42,포장해먹기 좋음
명인참치,일식/수산물,참치전문점,일식 음식점업,범박동,37.4726990381664,126.813240425213,일식/수산물참치전문점일식 음식점업,범박동%20명인참치,https://m.place.naver.com/restaurant/37038975,경기 부천시 양지로92번길 9-3 상정프라자 101호,4.32,^^
범박식당,한식,한식/백반/한정식,한식 음식점업,범박동,37.4671348442594,126.811870125257,한식한식/백반/한정식한식 음식점업,범박동%20범박식당,https://m.place.naver.com/restaurant/36438461,경기 부천시 양지남로 49,4.45,역곡에서 자주가는 맛집. 가보면 왜 맛집이라 하는지 알 수 있습니다. 가성비 좋은 이탈리아 레스토랑이라 데이트코스나 가족모임 장소로 최고예요.
도미노피자부천옥길점,패스트푸드,피자전문,"피자, 햄버거, 샌드위치 및 유사 음식점업",범박동,37.4717534455927,126.816884316529,"패스트푸드피자전문피자, 햄버거, 샌드위치 및 유사 음식점업",범박동%20도미노피자부천옥길점,https://m.place.naver.com/restaurant/872571013,경기 부천시 양지로 125 예품빌딩 1층,4.37,씬피자 부담없고 맛있어요
한라산도새기,한식,갈비/삼겹살,한식 음식점업,범박동,37.4721850284989,126.814096440567,한식갈비/삼겹살한식 음식점업,범박동%20한라산도새기,https://m.place.naver.com/restaurant/58353341,경기 부천시 양지로 102,4.41,
육대장,한식,한식/백반/한정식,한식 음식점업,범박동,37.4730613277981,126.813426886801,한식한식/백반/한정식한식 음식점업,범박동%20육대장,https://m.place.naver.com/restaurant/33758558,경기 부천시 양지로 93,4.3,육칼 맛있어요~
이강숯불갈비,한식,갈비/삼겹살,한식 음식점업,범박동,37.4744610858647,126.81194634488,한식갈비/삼겹살한식 음식점업,범박동%20이강숯불갈비,https://m.place.naver.com/restaurant/38711169,경기 부천시 양지로 69,4.19,왕갈비하고 밑반찬이 맛있어요
죽이야기,별식/퓨전요리,죽전문점,한식 음식점업,범박동,37.4672485119523,126.821420571102,별식/퓨전요리죽전문점한식 음식점업,범박동%20죽이야기,https://m.place.naver.com/restaurant/12789908,경기 부천시 범안로 117 현대리치모아상가 126호,4.41,언제 먹어도 맛있습니다. 죽 먹고 싶을때는 항상 여기서 먹고 있어요.
얌샘김밥,분식,라면김밥분식,분식 및 김밥 전문점,범박동,37.4626379553638,126.812698640049,분식라면김밥분식분식 및 김밥 전문점,범박동%20얌샘김밥,https://m.place.naver.com/restaurant/1232756989,경기 부천시 범안로 221,4.43,친절하지는 않아요
홍루이젠,패스트푸드,샌드위치전문점,"피자, 햄버거, 샌드위치 및 유사 음식점업",범박동,37.4655747846638,126.827076332873,"패스트푸드샌드위치전문점피자, 햄버거, 샌드위치 및 유사 음식점업",범박동%20홍루이젠,https://m.place.naver.com/restaurant/1127590879,경기 부천시 양지남로 22 1층,4.51,항상맛있네요
이디야커피,커피점/카페,커피전문점/카페/다방,비알콜 음료점업,범박동,37.4626382960409,126.812732545861,커피점/카페커피전문점/카페/다방비알콜 음료점업,범박동%20이디야커피,https://m.place.naver.com/restaurant/33252921,경기 부천시 양지로67번길 26,,자주 가는곳이에요
코바코,양식,돈가스전문점,서양식 음식점업,범박동,37.4672485119523,126.821420571102,양식돈가스전문점서양식 음식점업,범박동%20코바코,https://m.place.naver.com/restaurant/1247295677,경기 부천시 양지로184번길 29,4.38,혼밥하기 좋고 김치찌개돈가스 칼칼하니 맛있었어요!
옥길동커피,커피점/카페,커피전문점/카페/다방,비알콜 음료점업,범박동,37.4669179977131,126.823517071921,커피점/카페커피전문점/카페/다방비알콜 음료점업,범박동%20옥길동커피,https://m.place.naver.com/restaurant/387395309,경기 부천시 범안로 117,4.16,건물 안쪽에 있어 창문뷰가 없어 아쉽지만 커피도 맛있고 친절한곳
옥길동갈매기,한식,갈비/삼겹살,한식 음식점업,범박동,37.4679798269767,126.822471716806,한식갈비/삼겹살한식 음식점업,범박동%20옥길동갈매기,https://m.place.naver.com/restaurant/1654114240,경기 부천시 양지로171번길 29 1층,,"갈매기살 가격이 저렴해서 부담 없습니다 맛도 양념이 잘 되어 있어서 괜찮아요, 직원분들도 친절하십니다"
커피에반하다,커피점/카페,커피전문점/카페/다방,비알콜 음료점업,범박동,37.468597723533,126.821184599758,커피점/카페커피전문점/카페/다방비알콜 음료점업,범박동%20커피에반하다,https://m.place.naver.com/restaurant/1504755503,경기 부천시 양지로 89,4.44,좋아툐
원할머니보쌈,한식,족발/보쌈전문,한식 음식점업,범박동,37.4698038772609,126.819255143309,한식족발/보쌈전문한식 음식점업,범박동%20원할머니보쌈,https://m.place.naver.com/restaurant/12928616,경기 부천시 부일로 732,4.42,보쌈이 맛있어요.
토프레소,커피점/카페,커피전문점/카페/다방,비알콜 음료점업,범박동,37.4698399931171,126.809385467564,커피점/카페커피전문점/카페/다방비알콜 음료점업,범박동%20토프레소,https://m.place.naver.com/restaurant/1250249781,경기 부천시 양지로184번길 21 1층 토프레소 옥길점,4.74,커피 맛나네요
테이크파이브,유흥주점,빠/카페/스탠드빠,일반유흥 주점업,범박동,37.4732739104564,126.813061755155,유흥주점빠/카페/스탠드빠일반유흥 주점업,범박동%20테이크파이브,https://m.place.naver.com/restaurant/35769982,경기 부천시 양지로67번길 42,4.62,커피와 음료들의 맛이 기본적으로 우수하다. 인근에선 가장 높은 수준의 맛. 공간이 넓고 자리도 넉넉하다. 특색있는 테마 인테리어 장식들도 재미있다.
Bhc치킨,닭/오리요리,후라이드/양념치킨,치킨 전문점,범박동,37.4712023995777,126.809567347043,닭/오리요리후라이드/양념치킨치킨 전문점,범박동%20Bhc치킨,https://m.place.naver.com/restaurant/1416221622,경기 부천시 양지로67번길 34,4.46,늘 핫뿌링클~~매우면서 땡기는맛~~ 시즈닝이 넉넉히 많아 넘 좋아여~^^
이디아,기타음식업,고속도로휴게소,그외 기타 음식점업,범박동,37.4736904041381,126.812365539063,기타음식업고속도로휴게소그외 기타 음식점업,범박동%20이디아,https://m.place.naver.com/restaurant/33252921,경기 부천시 양지로67번길 26,,자주 가는곳이에요
베스킨라빈스부천범박점,패스트푸드,아이스크림판매,제과점업,범박동,37.475249946229,126.808858725198,패스트푸드아이스크림판매제과점업,범박동%20베스킨라빈스부천범박점,https://m.place.naver.com/restaurant/11783142,경기 부천시 범안로 77,4.42,어피치 맛있어여~~^^
박지훈Restaurant,일식/수산물,음식점-일식,일식 음식점업,범박동,37.4705232151822,126.812811325728,일식/수산물음식점-일식일식 음식점업,범박동%20박지훈Restaurant,https://m.place.naver.com/restaurant/37941936,경기 부천시 양지남로23번길 8-12 1층,4.38,"올해 음식값이 1,000원씩 인상되었다. 음식에 변화를 주고자 노력한 부분이 엿보인다. 미예약 시 오래 기다려야 함을 꼭 기억하세요.^^"
국수나무,분식,국수/만두/칼국수,분식 및 김밥 전문점,범박동,37.4712023995777,126.809567347043,분식국수/만두/칼국수분식 및 김밥 전문점,범박동%20국수나무,https://m.place.naver.com/restaurant/33213315,경기 부천시 범안로 117,4.4,굿
부자돌솥설렁탕,한식,설렁탕집,한식 음식점업,소사동,37.4857793335271,126.791628985058,한식설렁탕집한식 음식점업,소사동%20부자돌솥설렁탕,https://m.place.naver.com/restaurant/21159051,경기 부천시 부흥로 471-8,4.17,맛있고 친절하셔요
만나국수,한식,파전전문,한식 음식점업,소사동,37.4846229682351,126.793094909982,한식파전전문한식 음식점업,소사동%20만나국수,https://m.place.naver.com/restaurant/1372188310,경기 부천시 부일로571번길 13,,좋아요
마포갈매기소사역점,한식,갈비/삼겹살,한식 음식점업,소사동,37.4837063634135,126.794217730454,한식갈비/삼겹살한식 음식점업,소사동%20마포갈매기소사역점,https://m.place.naver.com/restaurant/1849780442,경기 부천시 소사로 287,,None comment by visitor
본죽,별식/퓨전요리,죽전문점,한식 음식점업,소사동,37.4859069613211,126.791773923085,별식/퓨전요리죽전문점한식 음식점업,소사동%20본죽,https://m.place.naver.com/restaurant/34787392,경기 부천시 부일로571번길 49 2층,4.29,사장님이 너무나 친절하고 음식도 진짜 깔끔해요.. 아플때마다 여기가서 주문하는데... 시간도 그렇게 오래안걸리는거 같아서 최고입니다
돈토랑나랑,한식,보리밥전문,한식 음식점업,소사동,37.4865308582374,126.790226080348,한식보리밥전문한식 음식점업,소사동%20돈토랑나랑,https://m.place.naver.com/restaurant/38503803,경기 부천시 부흥로 459,4.42,쌈밥 맛집인데 왜 후기에 우렁쌈밥사진이 없나해서 오늘 갔다가 맛나게 찍어올립니댜~~~
부천성모장례식장,한식,한식/백반/한정식,한식 음식점업,소사동,37.4874874535625,126.793014902041,한식한식/백반/한정식한식 음식점업,소사동%20부천성모장례식장,https://m.place.naver.com/restaurant/21529993,경기 부천시 소사로 327,4.37,굿
충남방앗간,제과제빵떡케익,제과점,제과점업,소사동,37.4849572217197,126.793179989251,제과제빵떡케익제과점제과점업,소사동%20충남방앗간,https://m.place.naver.com/restaurant/1043041864,경기 부천시 부일로571번길 20,4.44,좋아요
크로바커피숍,커피점/카페,커피전문점/카페/다방,비알콜 음료점업,소사동,37.4859656130066,126.790461340322,커피점/카페커피전문점/카페/다방비알콜 음료점업,소사동%20크로바커피숍,https://m.place.naver.com/restaurant/21145391,경기 부천시 부흥로 466,,None comment by visitor
집밥권선생,한식,한식/백반/한정식,한식 음식점업,소사동,37.4848265867757,126.791859165268,한식한식/백반/한정식한식 음식점업,소사동%20집밥권선생,https://m.place.naver.com/restaurant/1925161363,경기 부천시 부일로 565-1,4.56,추가 밥과 숭늉 무료 제공에 다 맛있고 신선해요
동대문엽기떡볶이범박점,분식,떡볶이전문,분식 및 김밥 전문점,괴안동,37.4746878713929,126.803169653432,분식떡볶이전문분식 및 김밥 전문점,괴안동%20동대문엽기떡볶이범박점,https://m.place.naver.com/restaurant/35927824,경기 부천시 은성로 111 1층,4.37,중독되는맛 어쩔수 없나봐요
신정상회,닭/오리요리,오리고기전문,한식 음식점업,괴안동,37.4826181421088,126.808628689307,닭/오리요리오리고기전문한식 음식점업,괴안동%20신정상회,https://m.place.naver.com/restaurant/1089637756,경기 부천시 소삼로 11,4.22,ㅅ
파리바게뜨,제과제빵떡케익,제과점,제과점업,괴안동,37.4793365900098,126.806668282063,제과제빵떡케익제과점제과점업,괴안동%20파리바게뜨,https://m.place.naver.com/restaurant/1523033796,경기 부천시 범안로 26 그린홈프라자 104호,4.38,물티슈까지 챙겨주시고 친절하세요
촌가추어탕,한식,한식/백반/한정식,한식 음식점업,괴안동,37.4741425909136,126.804489782099,한식한식/백반/한정식한식 음식점업,괴안동%20촌가추어탕,https://m.place.naver.com/restaurant/12862831,경기 부천시 소사동로 91-1,4.5,포장되서 좋아요
BBQ치킨,유흥주점,호프/맥주,기타 주점업,괴안동,37.4768506939119,126.807657506866,유흥주점호프/맥주기타 주점업,괴안동%20BBQ치킨,https://m.place.naver.com/restaurant/11799018,경기 부천시 범안로 54 그린홈프라자2층비비큐치킨,4.26,후라이드는 황올닭이 쩨일 맛있어요ㅠㅠ
복사골포차,유흥주점,호프/맥주,기타 주점업,괴안동,37.4778560356652,126.809959267251,유흥주점호프/맥주기타 주점업,괴안동%20복사골포차,https://m.place.naver.com/restaurant/1518261131,경기 부천시 범안로 54,4.22,좋아요
경기부천소사지역자활센터음식점,한식,한식/백반/한정식,한식 음식점업,괴안동,37.4832396464344,126.808607513337,한식한식/백반/한정식한식 음식점업,괴안동%20경기부천소사지역자활센터음식점,https://m.place.naver.com/restaurant/1614166319,경기 부천시 소사로 456 원미도서관 지하1층,4.33,혼밥하기 좋아요 나름 괜춘
까페러브,커피점/카페,커피전문점/카페/다방,비알콜 음료점업,괴안동,37.4768998449134,126.808063737474,커피점/카페커피전문점/카페/다방비알콜 음료점업,괴안동%20까페러브,https://m.place.naver.com/restaurant/35623918,경기 부천시 양지로 20,,None comment by visitor
바지락칼국수수제비,분식,국수/만두/칼국수,분식 및 김밥 전문점,괴안동,37.4806208311215,126.8044657156,분식국수/만두/칼국수분식 및 김밥 전문점,괴안동%20바지락칼국수수제비,https://m.place.naver.com/restaurant/1111814208,경기 부천시 경인옛로 123-1,4.45,손수제비 먹고싶어서 검색해서 찾아왔습니다 겉절이가 진짜 맛있네요 잘먹었습니다
두리마루,닭/오리요리,오리고기전문,한식 음식점업,괴안동,37.4797912893536,126.803517896653,닭/오리요리오리고기전문한식 음식점업,괴안동%20두리마루,https://m.place.naver.com/restaurant/30982361,경기 부천시 범안로22번길 56,,None comment by visitor
피자마루,패스트푸드,피자전문,"피자, 햄버거, 샌드위치 및 유사 음식점업",괴안동,37.48252029162,126.806968154685,"패스트푸드피자전문피자, 햄버거, 샌드위치 및 유사 음식점업",괴안동%20피자마루,https://m.place.naver.com/restaurant/33409604,경기 부천시 부광로8번길 39,4.33,사장님이 친절하시고 맛있어요:)
페리카나,닭/오리요리,후라이드/양념치킨,치킨 전문점,괴안동,37.4816253996941,126.804901972293,닭/오리요리후라이드/양념치킨치킨 전문점,괴안동%20페리카나,https://m.place.naver.com/restaurant/37687043,경기 부천시 부광로8번길 39,4.48,사장님 무척 친절 하시고 후라이드 치킨 맛집🥰😍🥰😍
뚜레쥬르,제과제빵떡케익,제과점,제과점업,괴안동,37.4789701909079,126.806968069891,제과제빵떡케익제과점제과점업,괴안동%20뚜레쥬르,https://m.place.naver.com/restaurant/1178871038,경기 부천시 경인로 517,4.33,메가...........빅싸이즈
참치#,일식/수산물,참치전문점,일식 음식점업,괴안동,37.4789102098448,126.807274290373,일식/수산물참치전문점일식 음식점업,괴안동%20참치#,https://m.place.naver.com/restaurant/1541353164,경기 부천시 범안로 55 홈타운프라자 1층 114호,4.43,가격대비 좋네요 또 생각날듯
이모네족발,한식,족발/보쌈전문,한식 음식점업,괴안동,37.4769512551669,126.802455203617,한식족발/보쌈전문한식 음식점업,괴안동%20이모네족발,https://m.place.naver.com/restaurant/20655657,경기 부천시 소사로159번길 17,4.37,ㅇㅏ..진짜 너무 아쉬워요ㅠㅠ 이모네족발은 맛있을땐 엄청 맛있고 어쩔땐 맛이 쏘쏘예요.대체 왜그럴까요...? 아는 언니네 집에서 첨 먹어봤는데 진짜 너~~~무 맛있어서 고기에서 넘 꼬소해서 우유맛이 날지경.. 이여서 상호 알아와서 종종 먹는 곳인데 ㅠㅠ 집근처 사는 친구가 맛있을땐 엄청 맛있고 맛 없을땐 진짜 별로라고하던 말이 생각나며 이제 무릎을 탁!쳤어여. 진짜 극과극이 너무 심한걸 이제 진심 느끼네요. 아쉽습니다. 쟁반국수 면 직접...
낙원떡방앗간,제과제빵떡케익,제과점,제과점업,괴안동,37.4792911877491,126.805741892816,제과제빵떡케익제과점제과점업,괴안동%20낙원떡방앗간,https://m.place.naver.com/restaurant/19353155,경기 부천시 경인옛로118번길 33 1층 상가,4.22,굿굿
맛나김밥,분식,라면김밥분식,분식 및 김밥 전문점,괴안동,37.4797945465785,126.805620818273,분식라면김밥분식분식 및 김밥 전문점,괴안동%20맛나김밥,https://m.place.naver.com/restaurant/1325074976,경기 부천시 경인옛로118번길 27,4.2,ㅎㅎ
처갓집양념치킨,닭/오리요리,후라이드/양념치킨,치킨 전문점,괴안동,37.4790292662784,126.807464603303,닭/오리요리후라이드/양념치킨치킨 전문점,괴안동%20처갓집양념치킨,https://m.place.naver.com/restaurant/31629654,경기 부천시 안곡로 46,4.32,후라이드치킨 바삭하고 맛있어요. 쬐끔만 덜짜면 훨씬 좋겠어요.
"괴안,범박굽네치킨",닭/오리요리,후라이드/양념치킨,치킨 전문점,괴안동,37.4754378777422,126.806945086429,닭/오리요리후라이드/양념치킨치킨 전문점,"괴안동%20괴안,범박굽네치킨",https://m.place.naver.com/restaurant/13146391,경기 부천시 소사동로 117,4.34,친절하시고 좋아요~
멕시카나,닭/오리요리,후라이드/양념치킨,치킨 전문점,괴안동,37.4807917974614,126.80533358892,닭/오리요리후라이드/양념치킨치킨 전문점,괴안동%20멕시카나,https://m.place.naver.com/restaurant/11693221,경기 부천시 부광로 30,4.46,맛있어요:)
싱싱수산,일식/수산물,음식점-일식,일식 음식점업,괴안동,37.4797945465785,126.805620818273,일식/수산물음식점-일식일식 음식점업,괴안동%20싱싱수산,https://m.place.naver.com/restaurant/1445226341,경기 부천시 안곡로30번길 7,4.18,품질 좋아요
피자스쿨,패스트푸드,피자전문,"피자, 햄버거, 샌드위치 및 유사 음식점업",괴안동,37.4744025614773,126.803468146227,"패스트푸드피자전문피자, 햄버거, 샌드위치 및 유사 음식점업",괴안동%20피자스쿨,https://m.place.naver.com/restaurant/31627897,경기 부천시 은성로 115,4.4,국
제일감자탕,한식,한식/백반/한정식,한식 음식점업,괴안동,37.4827867997768,126.809270496769,한식한식/백반/한정식한식 음식점업,괴안동%20제일감자탕,https://m.place.naver.com/restaurant/1968827008,경기 부천시 경인로497번길 13,4.57,사장님이 매우 친절해요 우리 할머니 같아요
이모네족발,한식,족발/보쌈전문,한식 음식점업,괴안동,37.4768506939119,126.807657506866,한식족발/보쌈전문한식 음식점업,괴안동%20이모네족발,https://m.place.naver.com/restaurant/20655657,경기 부천시 소사로159번길 17,4.37,ㅇㅏ..진짜 너무 아쉬워요ㅠㅠ 이모네족발은 맛있을땐 엄청 맛있고 어쩔땐 맛이 쏘쏘예요.대체 왜그럴까요...? 아는 언니네 집에서 첨 먹어봤는데 진짜 너~~~무 맛있어서 고기에서 넘 꼬소해서 우유맛이 날지경.. 이여서 상호 알아와서 종종 먹는 곳인데 ㅠㅠ 집근처 사는 친구가 맛있을땐 엄청 맛있고 맛 없을땐 진짜 별로라고하던 말이 생각나며 이제 무릎을 탁!쳤어여. 진짜 극과극이 너무 심한걸 이제 진심 느끼네요. 아쉽습니다. 쟁반국수 면 직접...
돈앤밥스,양식,돈가스전문점,서양식 음식점업,괴안동,37.4745096386535,126.80336468946,양식돈가스전문점서양식 음식점업,괴안동%20돈앤밥스,https://m.place.naver.com/restaurant/1668396166,경기 부천시 은성로 113-1,4.45,돈가스랑 새우튀김 맛잇어요
윤피자,패스트푸드,피자전문,"피자, 햄버거, 샌드위치 및 유사 음식점업",괴안동,37.4768506939119,126.807657506866,"패스트푸드피자전문피자, 햄버거, 샌드위치 및 유사 음식점업",괴안동%20윤피자,https://m.place.naver.com/restaurant/586335983,경기 부천시 범안로 60 104호,4.5,소사홧팅 4가지맛 골고루 있어서 맛있었습니다. 아이들이 불고기맛 좋아하네요.
커피에반하다,커피점/카페,커피전문점/카페/다방,비알콜 음료점업,괴안동,37.480460866444,126.80557629261,커피점/카페커피전문점/카페/다방비알콜 음료점업,괴안동%20커피에반하다,https://m.place.naver.com/restaurant/37107747,경기 부천시 경인로 512,4.34,조용한 '아담 사이즈'의 카페
한마당식당,한식,한식/백반/한정식,한식 음식점업,괴안동,37.4793493105138,126.804361606118,한식한식/백반/한정식한식 음식점업,괴안동%20한마당식당,https://m.place.naver.com/restaurant/1137693195,경기 부천시 범안로8번길 19,4.73,맛나백반집
영구스피자,패스트푸드,피자전문,"피자, 햄버거, 샌드위치 및 유사 음식점업",괴안동,37.4768998449134,126.808063737474,"패스트푸드피자전문피자, 햄버거, 샌드위치 및 유사 음식점업",괴안동%20영구스피자,https://m.place.naver.com/restaurant/38345043,경기 부천시 범안로 55 홈타운프라자 104호 영구스피자,4.4,피자 굿
바지락손칼국수,분식,라면김밥분식,분식 및 김밥 전문점,괴안동,37.4780752288297,126.807570213546,분식라면김밥분식분식 및 김밥 전문점,괴안동%20바지락손칼국수,https://m.place.naver.com/restaurant/37592268,경기 부천시 소사동로 119,4.21,새악 팥죽 맛있게 먹었어요
신정상회,한식,한식/백반/한정식,한식 음식점업,괴안동,37.4828031084757,126.809100636418,한식한식/백반/한정식한식 음식점업,괴안동%20신정상회,https://m.place.naver.com/restaurant/1089637756,경기 부천시 소삼로 11,4.22,ㅅ
네네치킨,닭/오리요리,후라이드/양념치킨,치킨 전문점,괴안동,37.4742071404344,126.804635724932,닭/오리요리후라이드/양념치킨치킨 전문점,괴안동%20네네치킨,https://m.place.naver.com/restaurant/11779297,경기 부천시 소사동로 93,4.39,.
맛나,분식,라면김밥분식,분식 및 김밥 전문점,괴안동,37.4806208311215,126.8044657156,분식라면김밥분식분식 및 김밥 전문점,괴안동%20맛나,https://m.place.naver.com/restaurant/18914227,경기 부천시 경인옛로108번길 15,,None comment by visitor
